02-Apr-2026 23:22:32.324 INFO [main] org.apache.catalina.core.ApplicationContext.log ContextListener: contextInitialized()
02-Apr-2026 23:22:32.325 INFO [main] org.apache.catalina.core.ApplicationContext.log SessionListener: contextInitialized()
02-Apr-2026 23:22:32.326 INFO [main] org.apache.catalina.core.ApplicationContext.log ContextListener: attributeAdded('StockTicker', 'async.Stockticker@6cbe7d4d')
02-Apr-2026 23:22:56.931 SEVERE [http-nio-8080-exec-2] org.apache.catalina.core.StandardWrapperValve.invoke Servlet.service() for servlet [controller.HomeController] in context with path [/HomePS] threw exception
	java.lang.RuntimeException: Cannot load machine list
		at dao.MayPSDAO.getAllMay(MayPSDAO.java:31)
		at controller.HomeController.doGet(HomeController.java:29)
		at jakarta.servlet.http.HttpServlet.service(HttpServlet.java:564)
		at jakarta.servlet.http.HttpServlet.service(HttpServlet.java:658)
		at org.apache.catalina.core.ApplicationFilterChain.internalDoFilter(ApplicationFilterChain.java:193)
		at org.apache.catalina.core.ApplicationFilterChain.doFilter(ApplicationFilterChain.java:138)
		at org.apache.tomcat.websocket.server.WsFilter.doFilter(WsFilter.java:51)
		at org.apache.catalina.core.ApplicationFilterChain.internalDoFilter(ApplicationFilterChain.java:162)
		at org.apache.catalina.core.ApplicationFilterChain.doFilter(ApplicationFilterChain.java:138)
		at org.apache.catalina.core.StandardWrapperValve.invoke(StandardWrapperValve.java:165)
		at org.apache.catalina.core.StandardContextValve.invoke(StandardContextValve.java:88)
		at org.apache.catalina.authenticator.AuthenticatorBase.invoke(AuthenticatorBase.java:492)
		at org.apache.catalina.core.StandardHostValve.invoke(StandardHostValve.java:113)
		at org.apache.catalina.valves.ErrorReportValve.invoke(ErrorReportValve.java:83)
		at org.apache.catalina.valves.AbstractAccessLogValve.invoke(AbstractAccessLogValve.java:654)
		at org.apache.catalina.core.StandardEngineValve.invoke(StandardEngineValve.java:72)
		at org.apache.catalina.connector.CoyoteAdapter.service(CoyoteAdapter.java:342)
		at org.apache.coyote.http11.Http11Processor.service(Http11Processor.java:399)
		at org.apache.coyote.AbstractProcessorLight.process(AbstractProcessorLight.java:63)
		at org.apache.coyote.AbstractProtocol$ConnectionHandler.process(AbstractProtocol.java:903)
		at org.apache.tomcat.util.net.NioEndpoint$SocketProcessor.doRun(NioEndpoint.java:1775)
		at org.apache.tomcat.util.net.SocketProcessorBase.run(SocketProcessorBase.java:52)
		at org.apache.tomcat.util.threads.ThreadPoolExecutor.runWorker(ThreadPoolExecutor.java:973)
		at org.apache.tomcat.util.threads.ThreadPoolExecutor$Worker.run(ThreadPoolExecutor.java:491)
		at org.apache.tomcat.util.threads.TaskThread$WrappingRunnable.run(TaskThread.java:63)
		at java.base/java.lang.Thread.run(Thread.java:1583)
	Caused by: java.lang.IllegalStateException: Cannot connect to HomePS database. Check HOMEPS_DB_URL/USER/PASS.
		at utils.DBConnection.getConnection(DBConnection.java:20)
		at dao.MayPSDAO.getAllMay(MayPSDAO.java:19)
		... 25 more
	Caused by: org.postgresql.util.PSQLException: FATAL: password authentication failed for user "postgres"
		at org.postgresql.core.v3.ConnectionFactoryImpl.doAuthentication(ConnectionFactoryImpl.java:777)
		at org.postgresql.core.v3.ConnectionFactoryImpl.tryConnect(ConnectionFactoryImpl.java:234)
		at org.postgresql.core.v3.ConnectionFactoryImpl.openConnectionImpl(ConnectionFactoryImpl.java:289)
		at org.postgresql.core.ConnectionFactory.openConnection(ConnectionFactory.java:57)
		at org.postgresql.jdbc.PgConnection.<init>(PgConnection.java:277)
		at org.postgresql.Driver.makeConnection(Driver.java:448)
		at org.postgresql.Driver.connect(Driver.java:298)
		at java.sql/java.sql.DriverManager.getConnection(DriverManager.java:683)
		at java.sql/java.sql.DriverManager.getConnection(DriverManager.java:230)
		at utils.DBConnection.getConnection(DBConnection.java:18)
		... 26 more
02-Apr-2026 23:28:04.676 INFO [main] org.apache.catalina.core.ApplicationContext.log ContextListener: contextInitialized()
02-Apr-2026 23:28:04.676 INFO [main] org.apache.catalina.core.ApplicationContext.log SessionListener: contextInitialized()
02-Apr-2026 23:28:04.678 INFO [main] org.apache.catalina.core.ApplicationContext.log ContextListener: attributeAdded('StockTicker', 'async.Stockticker@6fbb4061')
02-Apr-2026 23:28:08.151 SEVERE [http-nio-8080-exec-1] org.apache.catalina.core.ApplicationDispatcher.invoke Servlet.service() for servlet [jsp] threw exception
	java.lang.ClassNotFoundException: jakarta.servlet.jsp.jstl.core.ConditionalTagSupport
		at org.apache.catalina.loader.WebappClassLoaderBase.loadClass(WebappClassLoaderBase.java:1377)
		at org.apache.catalina.loader.WebappClassLoaderBase.loadClass(WebappClassLoaderBase.java:1186)
		at java.base/java.lang.ClassLoader.defineClass1(Native Method)
		at java.base/java.lang.ClassLoader.defineClass(ClassLoader.java:1027)
		at java.base/java.security.SecureClassLoader.defineClass(SecureClassLoader.java:150)
		at org.apache.catalina.loader.WebappClassLoaderBase.findClassInternal(WebappClassLoaderBase.java:2359)
		at org.apache.catalina.loader.WebappClassLoaderBase.findClassInternal(WebappClassLoaderBase.java:2224)
		at org.apache.catalina.loader.WebappClassLoaderBase.findClass(WebappClassLoaderBase.java:811)
		at org.apache.catalina.loader.WebappClassLoaderBase.loadClass(WebappClassLoaderBase.java:1338)
		at org.apache.catalina.loader.WebappClassLoaderBase.loadClass(WebappClassLoaderBase.java:1186)
		at org.apache.jasper.compiler.Parser.parseCustomTag(Parser.java:1151)
		at org.apache.jasper.compiler.Parser.parseElements(Parser.java:1371)
		at org.apache.jasper.compiler.Parser.parse(Parser.java:127)
		at org.apache.jasper.compiler.ParserController.doParse(ParserController.java:240)
		at org.apache.jasper.compiler.ParserController.parse(ParserController.java:103)
		at org.apache.jasper.compiler.Compiler.generateJava(Compiler.java:188)
		at org.apache.jasper.compiler.Compiler.compile(Compiler.java:361)
		at org.apache.jasper.compiler.Compiler.compile(Compiler.java:339)
		at org.apache.jasper.compiler.Compiler.compile(Compiler.java:325)
		at org.apache.jasper.JspCompilationContext.compile(JspCompilationContext.java:586)
		at org.apache.jasper.servlet.JspServletWrapper.service(JspServletWrapper.java:368)
		at org.apache.jasper.servlet.JspServlet.serviceJspFile(JspServlet.java:350)
		at org.apache.jasper.servlet.JspServlet.service(JspServlet.java:301)
		at jakarta.servlet.http.HttpServlet.service(HttpServlet.java:658)
		at org.apache.catalina.core.ApplicationFilterChain.internalDoFilter(ApplicationFilterChain.java:193)
		at org.apache.catalina.core.ApplicationFilterChain.doFilter(ApplicationFilterChain.java:138)
		at org.apache.tomcat.websocket.server.WsFilter.doFilter(WsFilter.java:51)
		at org.apache.catalina.core.ApplicationFilterChain.internalDoFilter(ApplicationFilterChain.java:162)
		at org.apache.catalina.core.ApplicationFilterChain.doFilter(ApplicationFilterChain.java:138)
		at org.apache.catalina.core.ApplicationDispatcher.invoke(ApplicationDispatcher.java:610)
		at org.apache.catalina.core.ApplicationDispatcher.processRequest(ApplicationDispatcher.java:392)
		at org.apache.catalina.core.ApplicationDispatcher.doForward(ApplicationDispatcher.java:321)
		at org.apache.catalina.core.ApplicationDispatcher.forward(ApplicationDispatcher.java:266)
		at controller.HomeController.doGet(HomeController.java:44)
		at jakarta.servlet.http.HttpServlet.service(HttpServlet.java:564)
		at jakarta.servlet.http.HttpServlet.service(HttpServlet.java:658)
		at org.apache.catalina.core.ApplicationFilterChain.internalDoFilter(ApplicationFilterChain.java:193)
		at org.apache.catalina.core.ApplicationFilterChain.doFilter(ApplicationFilterChain.java:138)
		at org.apache.tomcat.websocket.server.WsFilter.doFilter(WsFilter.java:51)
		at org.apache.catalina.core.ApplicationFilterChain.internalDoFilter(ApplicationFilterChain.java:162)
		at org.apache.catalina.core.ApplicationFilterChain.doFilter(ApplicationFilterChain.java:138)
		at org.apache.catalina.core.StandardWrapperValve.invoke(StandardWrapperValve.java:165)
		at org.apache.catalina.core.StandardContextValve.invoke(StandardContextValve.java:88)
		at org.apache.catalina.authenticator.AuthenticatorBase.invoke(AuthenticatorBase.java:492)
		at org.apache.catalina.core.StandardHostValve.invoke(StandardHostValve.java:113)
		at org.apache.catalina.valves.ErrorReportValve.invoke(ErrorReportValve.java:83)
		at org.apache.catalina.valves.AbstractAccessLogValve.invoke(AbstractAccessLogValve.java:654)
		at org.apache.catalina.core.StandardEngineValve.invoke(StandardEngineValve.java:72)
		at org.apache.catalina.connector.CoyoteAdapter.service(CoyoteAdapter.java:342)
		at org.apache.coyote.http11.Http11Processor.service(Http11Processor.java:399)
		at org.apache.coyote.AbstractProcessorLight.process(AbstractProcessorLight.java:63)
		at org.apache.coyote.AbstractProtocol$ConnectionHandler.process(AbstractProtocol.java:903)
		at org.apache.tomcat.util.net.NioEndpoint$SocketProcessor.doRun(NioEndpoint.java:1775)
		at org.apache.tomcat.util.net.SocketProcessorBase.run(SocketProcessorBase.java:52)
		at org.apache.tomcat.util.threads.ThreadPoolExecutor.runWorker(ThreadPoolExecutor.java:973)
		at org.apache.tomcat.util.threads.ThreadPoolExecutor$Worker.run(ThreadPoolExecutor.java:491)
		at org.apache.tomcat.util.threads.TaskThread$WrappingRunnable.run(TaskThread.java:63)
		at java.base/java.lang.Thread.run(Thread.java:1583)
02-Apr-2026 23:28:08.151 SEVERE [http-nio-8080-exec-1] org.apache.catalina.core.StandardWrapperValve.invoke Servlet.service() for servlet [controller.HomeController] in context with path [/HomePS] threw exception [java.lang.NoClassDefFoundError: jakarta/servlet/jsp/jstl/core/ConditionalTagSupport] with root cause
	java.lang.ClassNotFoundException: jakarta.servlet.jsp.jstl.core.ConditionalTagSupport
		at org.apache.catalina.loader.WebappClassLoaderBase.loadClass(WebappClassLoaderBase.java:1377)
		at org.apache.catalina.loader.WebappClassLoaderBase.loadClass(WebappClassLoaderBase.java:1186)
		at java.base/java.lang.ClassLoader.defineClass1(Native Method)
		at java.base/java.lang.ClassLoader.defineClass(ClassLoader.java:1027)
		at java.base/java.security.SecureClassLoader.defineClass(SecureClassLoader.java:150)
		at org.apache.catalina.loader.WebappClassLoaderBase.findClassInternal(WebappClassLoaderBase.java:2359)
		at org.apache.catalina.loader.WebappClassLoaderBase.findClassInternal(WebappClassLoaderBase.java:2224)
		at org.apache.catalina.loader.WebappClassLoaderBase.findClass(WebappClassLoaderBase.java:811)
		at org.apache.catalina.loader.WebappClassLoaderBase.loadClass(WebappClassLoaderBase.java:1338)
		at org.apache.catalina.loader.WebappClassLoaderBase.loadClass(WebappClassLoaderBase.java:1186)
		at org.apache.jasper.compiler.Parser.parseCustomTag(Parser.java:1151)
		at org.apache.jasper.compiler.Parser.parseElements(Parser.java:1371)
		at org.apache.jasper.compiler.Parser.parse(Parser.java:127)
		at org.apache.jasper.compiler.ParserController.doParse(ParserController.java:240)
		at org.apache.jasper.compiler.ParserController.parse(ParserController.java:103)
		at org.apache.jasper.compiler.Compiler.generateJava(Compiler.java:188)
		at org.apache.jasper.compiler.Compiler.compile(Compiler.java:361)
		at org.apache.jasper.compiler.Compiler.compile(Compiler.java:339)
		at org.apache.jasper.compiler.Compiler.compile(Compiler.java:325)
		at org.apache.jasper.JspCompilationContext.compile(JspCompilationContext.java:586)
		at org.apache.jasper.servlet.JspServletWrapper.service(JspServletWrapper.java:368)
		at org.apache.jasper.servlet.JspServlet.serviceJspFile(JspServlet.java:350)
		at org.apache.jasper.servlet.JspServlet.service(JspServlet.java:301)
		at jakarta.servlet.http.HttpServlet.service(HttpServlet.java:658)
		at org.apache.catalina.core.ApplicationFilterChain.internalDoFilter(ApplicationFilterChain.java:193)
		at org.apache.catalina.core.ApplicationFilterChain.doFilter(ApplicationFilterChain.java:138)
		at org.apache.tomcat.websocket.server.WsFilter.doFilter(WsFilter.java:51)
		at org.apache.catalina.core.ApplicationFilterChain.internalDoFilter(ApplicationFilterChain.java:162)
		at org.apache.catalina.core.ApplicationFilterChain.doFilter(ApplicationFilterChain.java:138)
		at org.apache.catalina.core.ApplicationDispatcher.invoke(ApplicationDispatcher.java:610)
		at org.apache.catalina.core.ApplicationDispatcher.processRequest(ApplicationDispatcher.java:392)
		at org.apache.catalina.core.ApplicationDispatcher.doForward(ApplicationDispatcher.java:321)
		at org.apache.catalina.core.ApplicationDispatcher.forward(ApplicationDispatcher.java:266)
		at controller.HomeController.doGet(HomeController.java:44)
		at jakarta.servlet.http.HttpServlet.service(HttpServlet.java:564)
		at jakarta.servlet.http.HttpServlet.service(HttpServlet.java:658)
		at org.apache.catalina.core.ApplicationFilterChain.internalDoFilter(ApplicationFilterChain.java:193)
		at org.apache.catalina.core.ApplicationFilterChain.doFilter(ApplicationFilterChain.java:138)
		at org.apache.tomcat.websocket.server.WsFilter.doFilter(WsFilter.java:51)
		at org.apache.catalina.core.ApplicationFilterChain.internalDoFilter(ApplicationFilterChain.java:162)
		at org.apache.catalina.core.ApplicationFilterChain.doFilter(ApplicationFilterChain.java:138)
		at org.apache.catalina.core.StandardWrapperValve.invoke(StandardWrapperValve.java:165)
		at org.apache.catalina.core.StandardContextValve.invoke(StandardContextValve.java:88)
		at org.apache.catalina.authenticator.AuthenticatorBase.invoke(AuthenticatorBase.java:492)
		at org.apache.catalina.core.StandardHostValve.invoke(StandardHostValve.java:113)
		at org.apache.catalina.valves.ErrorReportValve.invoke(ErrorReportValve.java:83)
		at org.apache.catalina.valves.AbstractAccessLogValve.invoke(AbstractAccessLogValve.java:654)
		at org.apache.catalina.core.StandardEngineValve.invoke(StandardEngineValve.java:72)
		at org.apache.catalina.connector.CoyoteAdapter.service(CoyoteAdapter.java:342)
		at org.apache.coyote.http11.Http11Processor.service(Http11Processor.java:399)
		at org.apache.coyote.AbstractProcessorLight.process(AbstractProcessorLight.java:63)
		at org.apache.coyote.AbstractProtocol$ConnectionHandler.process(AbstractProtocol.java:903)
		at org.apache.tomcat.util.net.NioEndpoint$SocketProcessor.doRun(NioEndpoint.java:1775)
		at org.apache.tomcat.util.net.SocketProcessorBase.run(SocketProcessorBase.java:52)
		at org.apache.tomcat.util.threads.ThreadPoolExecutor.runWorker(ThreadPoolExecutor.java:973)
		at org.apache.tomcat.util.threads.ThreadPoolExecutor$Worker.run(ThreadPoolExecutor.java:491)
		at org.apache.tomcat.util.threads.TaskThread$WrappingRunnable.run(TaskThread.java:63)
		at java.base/java.lang.Thread.run(Thread.java:1583)
02-Apr-2026 23:28:09.380 SEVERE [http-nio-8080-exec-2] org.apache.catalina.core.ApplicationDispatcher.invoke Servlet.service() for servlet [jsp] threw exception
	java.lang.ClassNotFoundException: org.apache.jsp.index_jsp
		at java.base/java.net.URLClassLoader.findClass(URLClassLoader.java:445)
		at org.apache.jasper.servlet.JasperLoader.loadClass(JasperLoader.java:116)
		at org.apache.jasper.servlet.JasperLoader.loadClass(JasperLoader.java:53)
		at org.apache.catalina.core.DefaultInstanceManager.newInstance(DefaultInstanceManager.java:151)
		at org.apache.jasper.servlet.JspServletWrapper.getServlet(JspServletWrapper.java:163)
		at org.apache.jasper.servlet.JspServletWrapper.service(JspServletWrapper.java:382)
		at org.apache.jasper.servlet.JspServlet.serviceJspFile(JspServlet.java:350)
		at org.apache.jasper.servlet.JspServlet.service(JspServlet.java:301)
		at jakarta.servlet.http.HttpServlet.service(HttpServlet.java:658)
		at org.apache.catalina.core.ApplicationFilterChain.internalDoFilter(ApplicationFilterChain.java:193)
		at org.apache.catalina.core.ApplicationFilterChain.doFilter(ApplicationFilterChain.java:138)
		at org.apache.tomcat.websocket.server.WsFilter.doFilter(WsFilter.java:51)
		at org.apache.catalina.core.ApplicationFilterChain.internalDoFilter(ApplicationFilterChain.java:162)
		at org.apache.catalina.core.ApplicationFilterChain.doFilter(ApplicationFilterChain.java:138)
		at org.apache.catalina.core.ApplicationDispatcher.invoke(ApplicationDispatcher.java:610)
		at org.apache.catalina.core.ApplicationDispatcher.processRequest(ApplicationDispatcher.java:392)
		at org.apache.catalina.core.ApplicationDispatcher.doForward(ApplicationDispatcher.java:321)
		at org.apache.catalina.core.ApplicationDispatcher.forward(ApplicationDispatcher.java:266)
		at controller.HomeController.doGet(HomeController.java:44)
		at jakarta.servlet.http.HttpServlet.service(HttpServlet.java:564)
		at jakarta.servlet.http.HttpServlet.service(HttpServlet.java:658)
		at org.apache.catalina.core.ApplicationFilterChain.internalDoFilter(ApplicationFilterChain.java:193)
		at org.apache.catalina.core.ApplicationFilterChain.doFilter(ApplicationFilterChain.java:138)
		at org.apache.tomcat.websocket.server.WsFilter.doFilter(WsFilter.java:51)
		at org.apache.catalina.core.ApplicationFilterChain.internalDoFilter(ApplicationFilterChain.java:162)
		at org.apache.catalina.core.ApplicationFilterChain.doFilter(ApplicationFilterChain.java:138)
		at org.apache.catalina.core.StandardWrapperValve.invoke(StandardWrapperValve.java:165)
		at org.apache.catalina.core.StandardContextValve.invoke(StandardContextValve.java:88)
		at org.apache.catalina.authenticator.AuthenticatorBase.invoke(AuthenticatorBase.java:492)
		at org.apache.catalina.core.StandardHostValve.invoke(StandardHostValve.java:113)
		at org.apache.catalina.valves.ErrorReportValve.invoke(ErrorReportValve.java:83)
		at org.apache.catalina.valves.AbstractAccessLogValve.invoke(AbstractAccessLogValve.java:654)
		at org.apache.catalina.core.StandardEngineValve.invoke(StandardEngineValve.java:72)
		at org.apache.catalina.connector.CoyoteAdapter.service(CoyoteAdapter.java:342)
		at org.apache.coyote.http11.Http11Processor.service(Http11Processor.java:399)
		at org.apache.coyote.AbstractProcessorLight.process(AbstractProcessorLight.java:63)
		at org.apache.coyote.AbstractProtocol$ConnectionHandler.process(AbstractProtocol.java:903)
		at org.apache.tomcat.util.net.NioEndpoint$SocketProcessor.doRun(NioEndpoint.java:1775)
		at org.apache.tomcat.util.net.SocketProcessorBase.run(SocketProcessorBase.java:52)
		at org.apache.tomcat.util.threads.ThreadPoolExecutor.runWorker(ThreadPoolExecutor.java:973)
		at org.apache.tomcat.util.threads.ThreadPoolExecutor$Worker.run(ThreadPoolExecutor.java:491)
		at org.apache.tomcat.util.threads.TaskThread$WrappingRunnable.run(TaskThread.java:63)
		at java.base/java.lang.Thread.run(Thread.java:1583)
02-Apr-2026 23:28:09.380 SEVERE [http-nio-8080-exec-2] org.apache.catalina.core.StandardWrapperValve.invoke Servlet.service() for servlet [controller.HomeController] in context with path [/HomePS] threw exception [org.apache.jasper.JasperException: java.lang.ClassNotFoundException: org.apache.jsp.index_jsp] with root cause
	java.lang.ClassNotFoundException: org.apache.jsp.index_jsp
		at java.base/java.net.URLClassLoader.findClass(URLClassLoader.java:445)
		at org.apache.jasper.servlet.JasperLoader.loadClass(JasperLoader.java:116)
		at org.apache.jasper.servlet.JasperLoader.loadClass(JasperLoader.java:53)
		at org.apache.catalina.core.DefaultInstanceManager.newInstance(DefaultInstanceManager.java:151)
		at org.apache.jasper.servlet.JspServletWrapper.getServlet(JspServletWrapper.java:163)
		at org.apache.jasper.servlet.JspServletWrapper.service(JspServletWrapper.java:382)
		at org.apache.jasper.servlet.JspServlet.serviceJspFile(JspServlet.java:350)
		at org.apache.jasper.servlet.JspServlet.service(JspServlet.java:301)
		at jakarta.servlet.http.HttpServlet.service(HttpServlet.java:658)
		at org.apache.catalina.core.ApplicationFilterChain.internalDoFilter(ApplicationFilterChain.java:193)
		at org.apache.catalina.core.ApplicationFilterChain.doFilter(ApplicationFilterChain.java:138)
		at org.apache.tomcat.websocket.server.WsFilter.doFilter(WsFilter.java:51)
		at org.apache.catalina.core.ApplicationFilterChain.internalDoFilter(ApplicationFilterChain.java:162)
		at org.apache.catalina.core.ApplicationFilterChain.doFilter(ApplicationFilterChain.java:138)
		at org.apache.catalina.core.ApplicationDispatcher.invoke(ApplicationDispatcher.java:610)
		at org.apache.catalina.core.ApplicationDispatcher.processRequest(ApplicationDispatcher.java:392)
		at org.apache.catalina.core.ApplicationDispatcher.doForward(ApplicationDispatcher.java:321)
		at org.apache.catalina.core.ApplicationDispatcher.forward(ApplicationDispatcher.java:266)
		at controller.HomeController.doGet(HomeController.java:44)
		at jakarta.servlet.http.HttpServlet.service(HttpServlet.java:564)
		at jakarta.servlet.http.HttpServlet.service(HttpServlet.java:658)
		at org.apache.catalina.core.ApplicationFilterChain.internalDoFilter(ApplicationFilterChain.java:193)
		at org.apache.catalina.core.ApplicationFilterChain.doFilter(ApplicationFilterChain.java:138)
		at org.apache.tomcat.websocket.server.WsFilter.doFilter(WsFilter.java:51)
		at org.apache.catalina.core.ApplicationFilterChain.internalDoFilter(ApplicationFilterChain.java:162)
		at org.apache.catalina.core.ApplicationFilterChain.doFilter(ApplicationFilterChain.java:138)
		at org.apache.catalina.core.StandardWrapperValve.invoke(StandardWrapperValve.java:165)
		at org.apache.catalina.core.StandardContextValve.invoke(StandardContextValve.java:88)
		at org.apache.catalina.authenticator.AuthenticatorBase.invoke(AuthenticatorBase.java:492)
		at org.apache.catalina.core.StandardHostValve.invoke(StandardHostValve.java:113)
		at org.apache.catalina.valves.ErrorReportValve.invoke(ErrorReportValve.java:83)
		at org.apache.catalina.valves.AbstractAccessLogValve.invoke(AbstractAccessLogValve.java:654)
		at org.apache.catalina.core.StandardEngineValve.invoke(StandardEngineValve.java:72)
		at org.apache.catalina.connector.CoyoteAdapter.service(CoyoteAdapter.java:342)
		at org.apache.coyote.http11.Http11Processor.service(Http11Processor.java:399)
		at org.apache.coyote.AbstractProcessorLight.process(AbstractProcessorLight.java:63)
		at org.apache.coyote.AbstractProtocol$ConnectionHandler.process(AbstractProtocol.java:903)
		at org.apache.tomcat.util.net.NioEndpoint$SocketProcessor.doRun(NioEndpoint.java:1775)
		at org.apache.tomcat.util.net.SocketProcessorBase.run(SocketProcessorBase.java:52)
		at org.apache.tomcat.util.threads.ThreadPoolExecutor.runWorker(ThreadPoolExecutor.java:973)
		at org.apache.tomcat.util.threads.ThreadPoolExecutor$Worker.run(ThreadPoolExecutor.java:491)
		at org.apache.tomcat.util.threads.TaskThread$WrappingRunnable.run(TaskThread.java:63)
		at java.base/java.lang.Thread.run(Thread.java:1583)
02-Apr-2026 23:28:09.564 SEVERE [http-nio-8080-exec-3] org.apache.catalina.core.ApplicationDispatcher.invoke Servlet.service() for servlet [jsp] threw exception
	java.lang.ClassNotFoundException: org.apache.jsp.index_jsp
		at java.base/java.net.URLClassLoader.findClass(URLClassLoader.java:445)
		at org.apache.jasper.servlet.JasperLoader.loadClass(JasperLoader.java:116)
		at org.apache.jasper.servlet.JasperLoader.loadClass(JasperLoader.java:53)
		at org.apache.catalina.core.DefaultInstanceManager.newInstance(DefaultInstanceManager.java:151)
		at org.apache.jasper.servlet.JspServletWrapper.getServlet(JspServletWrapper.java:163)
		at org.apache.jasper.servlet.JspServletWrapper.service(JspServletWrapper.java:382)
		at org.apache.jasper.servlet.JspServlet.serviceJspFile(JspServlet.java:350)
		at org.apache.jasper.servlet.JspServlet.service(JspServlet.java:301)
		at jakarta.servlet.http.HttpServlet.service(HttpServlet.java:658)
		at org.apache.catalina.core.ApplicationFilterChain.internalDoFilter(ApplicationFilterChain.java:193)
		at org.apache.catalina.core.ApplicationFilterChain.doFilter(ApplicationFilterChain.java:138)
		at org.apache.tomcat.websocket.server.WsFilter.doFilter(WsFilter.java:51)
		at org.apache.catalina.core.ApplicationFilterChain.internalDoFilter(ApplicationFilterChain.java:162)
		at org.apache.catalina.core.ApplicationFilterChain.doFilter(ApplicationFilterChain.java:138)
		at org.apache.catalina.core.ApplicationDispatcher.invoke(ApplicationDispatcher.java:610)
		at org.apache.catalina.core.ApplicationDispatcher.processRequest(ApplicationDispatcher.java:392)
		at org.apache.catalina.core.ApplicationDispatcher.doForward(ApplicationDispatcher.java:321)
		at org.apache.catalina.core.ApplicationDispatcher.forward(ApplicationDispatcher.java:266)
		at controller.HomeController.doGet(HomeController.java:44)
		at jakarta.servlet.http.HttpServlet.service(HttpServlet.java:564)
		at jakarta.servlet.http.HttpServlet.service(HttpServlet.java:658)
		at org.apache.catalina.core.ApplicationFilterChain.internalDoFilter(ApplicationFilterChain.java:193)
		at org.apache.catalina.core.ApplicationFilterChain.doFilter(ApplicationFilterChain.java:138)
		at org.apache.tomcat.websocket.server.WsFilter.doFilter(WsFilter.java:51)
		at org.apache.catalina.core.ApplicationFilterChain.internalDoFilter(ApplicationFilterChain.java:162)
		at org.apache.catalina.core.ApplicationFilterChain.doFilter(ApplicationFilterChain.java:138)
		at org.apache.catalina.core.StandardWrapperValve.invoke(StandardWrapperValve.java:165)
		at org.apache.catalina.core.StandardContextValve.invoke(StandardContextValve.java:88)
		at org.apache.catalina.authenticator.AuthenticatorBase.invoke(AuthenticatorBase.java:492)
		at org.apache.catalina.core.StandardHostValve.invoke(StandardHostValve.java:113)
		at org.apache.catalina.valves.ErrorReportValve.invoke(ErrorReportValve.java:83)
		at org.apache.catalina.valves.AbstractAccessLogValve.invoke(AbstractAccessLogValve.java:654)
		at org.apache.catalina.core.StandardEngineValve.invoke(StandardEngineValve.java:72)
		at org.apache.catalina.connector.CoyoteAdapter.service(CoyoteAdapter.java:342)
		at org.apache.coyote.http11.Http11Processor.service(Http11Processor.java:399)
		at org.apache.coyote.AbstractProcessorLight.process(AbstractProcessorLight.java:63)
		at org.apache.coyote.AbstractProtocol$ConnectionHandler.process(AbstractProtocol.java:903)
		at org.apache.tomcat.util.net.NioEndpoint$SocketProcessor.doRun(NioEndpoint.java:1775)
		at org.apache.tomcat.util.net.SocketProcessorBase.run(SocketProcessorBase.java:52)
		at org.apache.tomcat.util.threads.ThreadPoolExecutor.runWorker(ThreadPoolExecutor.java:973)
		at org.apache.tomcat.util.threads.ThreadPoolExecutor$Worker.run(ThreadPoolExecutor.java:491)
		at org.apache.tomcat.util.threads.TaskThread$WrappingRunnable.run(TaskThread.java:63)
		at java.base/java.lang.Thread.run(Thread.java:1583)
02-Apr-2026 23:28:09.565 SEVERE [http-nio-8080-exec-3] org.apache.catalina.core.StandardWrapperValve.invoke Servlet.service() for servlet [controller.HomeController] in context with path [/HomePS] threw exception [org.apache.jasper.JasperException: java.lang.ClassNotFoundException: org.apache.jsp.index_jsp] with root cause
	java.lang.ClassNotFoundException: org.apache.jsp.index_jsp
		at java.base/java.net.URLClassLoader.findClass(URLClassLoader.java:445)
		at org.apache.jasper.servlet.JasperLoader.loadClass(JasperLoader.java:116)
		at org.apache.jasper.servlet.JasperLoader.loadClass(JasperLoader.java:53)
		at org.apache.catalina.core.DefaultInstanceManager.newInstance(DefaultInstanceManager.java:151)
		at org.apache.jasper.servlet.JspServletWrapper.getServlet(JspServletWrapper.java:163)
		at org.apache.jasper.servlet.JspServletWrapper.service(JspServletWrapper.java:382)
		at org.apache.jasper.servlet.JspServlet.serviceJspFile(JspServlet.java:350)
		at org.apache.jasper.servlet.JspServlet.service(JspServlet.java:301)
		at jakarta.servlet.http.HttpServlet.service(HttpServlet.java:658)
		at org.apache.catalina.core.ApplicationFilterChain.internalDoFilter(ApplicationFilterChain.java:193)
		at org.apache.catalina.core.ApplicationFilterChain.doFilter(ApplicationFilterChain.java:138)
		at org.apache.tomcat.websocket.server.WsFilter.doFilter(WsFilter.java:51)
		at org.apache.catalina.core.ApplicationFilterChain.internalDoFilter(ApplicationFilterChain.java:162)
		at org.apache.catalina.core.ApplicationFilterChain.doFilter(ApplicationFilterChain.java:138)
		at org.apache.catalina.core.ApplicationDispatcher.invoke(ApplicationDispatcher.java:610)
		at org.apache.catalina.core.ApplicationDispatcher.processRequest(ApplicationDispatcher.java:392)
		at org.apache.catalina.core.ApplicationDispatcher.doForward(ApplicationDispatcher.java:321)
		at org.apache.catalina.core.ApplicationDispatcher.forward(ApplicationDispatcher.java:266)
		at controller.HomeController.doGet(HomeController.java:44)
		at jakarta.servlet.http.HttpServlet.service(HttpServlet.java:564)
		at jakarta.servlet.http.HttpServlet.service(HttpServlet.java:658)
		at org.apache.catalina.core.ApplicationFilterChain.internalDoFilter(ApplicationFilterChain.java:193)
		at org.apache.catalina.core.ApplicationFilterChain.doFilter(ApplicationFilterChain.java:138)
		at org.apache.tomcat.websocket.server.WsFilter.doFilter(WsFilter.java:51)
		at org.apache.catalina.core.ApplicationFilterChain.internalDoFilter(ApplicationFilterChain.java:162)
		at org.apache.catalina.core.ApplicationFilterChain.doFilter(ApplicationFilterChain.java:138)
		at org.apache.catalina.core.StandardWrapperValve.invoke(StandardWrapperValve.java:165)
		at org.apache.catalina.core.StandardContextValve.invoke(StandardContextValve.java:88)
		at org.apache.catalina.authenticator.AuthenticatorBase.invoke(AuthenticatorBase.java:492)
		at org.apache.catalina.core.StandardHostValve.invoke(StandardHostValve.java:113)
		at org.apache.catalina.valves.ErrorReportValve.invoke(ErrorReportValve.java:83)
		at org.apache.catalina.valves.AbstractAccessLogValve.invoke(AbstractAccessLogValve.java:654)
		at org.apache.catalina.core.StandardEngineValve.invoke(StandardEngineValve.java:72)
		at org.apache.catalina.connector.CoyoteAdapter.service(CoyoteAdapter.java:342)
		at org.apache.coyote.http11.Http11Processor.service(Http11Processor.java:399)
		at org.apache.coyote.AbstractProcessorLight.process(AbstractProcessorLight.java:63)
		at org.apache.coyote.AbstractProtocol$ConnectionHandler.process(AbstractProtocol.java:903)
		at org.apache.tomcat.util.net.NioEndpoint$SocketProcessor.doRun(NioEndpoint.java:1775)
		at org.apache.tomcat.util.net.SocketProcessorBase.run(SocketProcessorBase.java:52)
		at org.apache.tomcat.util.threads.ThreadPoolExecutor.runWorker(ThreadPoolExecutor.java:973)
		at org.apache.tomcat.util.threads.ThreadPoolExecutor$Worker.run(ThreadPoolExecutor.java:491)
		at org.apache.tomcat.util.threads.TaskThread$WrappingRunnable.run(TaskThread.java:63)
		at java.base/java.lang.Thread.run(Thread.java:1583)
02-Apr-2026 23:28:10.092 SEVERE [http-nio-8080-exec-4] org.apache.catalina.core.ApplicationDispatcher.invoke Servlet.service() for servlet [jsp] threw exception
	java.lang.ClassNotFoundException: org.apache.jsp.index_jsp
		at java.base/java.net.URLClassLoader.findClass(URLClassLoader.java:445)
		at org.apache.jasper.servlet.JasperLoader.loadClass(JasperLoader.java:116)
		at org.apache.jasper.servlet.JasperLoader.loadClass(JasperLoader.java:53)
		at org.apache.catalina.core.DefaultInstanceManager.newInstance(DefaultInstanceManager.java:151)
		at org.apache.jasper.servlet.JspServletWrapper.getServlet(JspServletWrapper.java:163)
		at org.apache.jasper.servlet.JspServletWrapper.service(JspServletWrapper.java:382)
		at org.apache.jasper.servlet.JspServlet.serviceJspFile(JspServlet.java:350)
		at org.apache.jasper.servlet.JspServlet.service(JspServlet.java:301)
		at jakarta.servlet.http.HttpServlet.service(HttpServlet.java:658)
		at org.apache.catalina.core.ApplicationFilterChain.internalDoFilter(ApplicationFilterChain.java:193)
		at org.apache.catalina.core.ApplicationFilterChain.doFilter(ApplicationFilterChain.java:138)
		at org.apache.tomcat.websocket.server.WsFilter.doFilter(WsFilter.java:51)
		at org.apache.catalina.core.ApplicationFilterChain.internalDoFilter(ApplicationFilterChain.java:162)
		at org.apache.catalina.core.ApplicationFilterChain.doFilter(ApplicationFilterChain.java:138)
		at org.apache.catalina.core.ApplicationDispatcher.invoke(ApplicationDispatcher.java:610)
		at org.apache.catalina.core.ApplicationDispatcher.processRequest(ApplicationDispatcher.java:392)
		at org.apache.catalina.core.ApplicationDispatcher.doForward(ApplicationDispatcher.java:321)
		at org.apache.catalina.core.ApplicationDispatcher.forward(ApplicationDispatcher.java:266)
		at controller.HomeController.doGet(HomeController.java:44)
		at jakarta.servlet.http.HttpServlet.service(HttpServlet.java:564)
		at jakarta.servlet.http.HttpServlet.service(HttpServlet.java:658)
		at org.apache.catalina.core.ApplicationFilterChain.internalDoFilter(ApplicationFilterChain.java:193)
		at org.apache.catalina.core.ApplicationFilterChain.doFilter(ApplicationFilterChain.java:138)
		at org.apache.tomcat.websocket.server.WsFilter.doFilter(WsFilter.java:51)
		at org.apache.catalina.core.ApplicationFilterChain.internalDoFilter(ApplicationFilterChain.java:162)
		at org.apache.catalina.core.ApplicationFilterChain.doFilter(ApplicationFilterChain.java:138)
		at org.apache.catalina.core.StandardWrapperValve.invoke(StandardWrapperValve.java:165)
		at org.apache.catalina.core.StandardContextValve.invoke(StandardContextValve.java:88)
		at org.apache.catalina.authenticator.AuthenticatorBase.invoke(AuthenticatorBase.java:492)
		at org.apache.catalina.core.StandardHostValve.invoke(StandardHostValve.java:113)
		at org.apache.catalina.valves.ErrorReportValve.invoke(ErrorReportValve.java:83)
		at org.apache.catalina.valves.AbstractAccessLogValve.invoke(AbstractAccessLogValve.java:654)
		at org.apache.catalina.core.StandardEngineValve.invoke(StandardEngineValve.java:72)
		at org.apache.catalina.connector.CoyoteAdapter.service(CoyoteAdapter.java:342)
		at org.apache.coyote.http11.Http11Processor.service(Http11Processor.java:399)
		at org.apache.coyote.AbstractProcessorLight.process(AbstractProcessorLight.java:63)
		at org.apache.coyote.AbstractProtocol$ConnectionHandler.process(AbstractProtocol.java:903)
		at org.apache.tomcat.util.net.NioEndpoint$SocketProcessor.doRun(NioEndpoint.java:1775)
		at org.apache.tomcat.util.net.SocketProcessorBase.run(SocketProcessorBase.java:52)
		at org.apache.tomcat.util.threads.ThreadPoolExecutor.runWorker(ThreadPoolExecutor.java:973)
		at org.apache.tomcat.util.threads.ThreadPoolExecutor$Worker.run(ThreadPoolExecutor.java:491)
		at org.apache.tomcat.util.threads.TaskThread$WrappingRunnable.run(TaskThread.java:63)
		at java.base/java.lang.Thread.run(Thread.java:1583)
02-Apr-2026 23:28:10.092 SEVERE [http-nio-8080-exec-4] org.apache.catalina.core.StandardWrapperValve.invoke Servlet.service() for servlet [controller.HomeController] in context with path [/HomePS] threw exception [org.apache.jasper.JasperException: java.lang.ClassNotFoundException: org.apache.jsp.index_jsp] with root cause
	java.lang.ClassNotFoundException: org.apache.jsp.index_jsp
		at java.base/java.net.URLClassLoader.findClass(URLClassLoader.java:445)
		at org.apache.jasper.servlet.JasperLoader.loadClass(JasperLoader.java:116)
		at org.apache.jasper.servlet.JasperLoader.loadClass(JasperLoader.java:53)
		at org.apache.catalina.core.DefaultInstanceManager.newInstance(DefaultInstanceManager.java:151)
		at org.apache.jasper.servlet.JspServletWrapper.getServlet(JspServletWrapper.java:163)
		at org.apache.jasper.servlet.JspServletWrapper.service(JspServletWrapper.java:382)
		at org.apache.jasper.servlet.JspServlet.serviceJspFile(JspServlet.java:350)
		at org.apache.jasper.servlet.JspServlet.service(JspServlet.java:301)
		at jakarta.servlet.http.HttpServlet.service(HttpServlet.java:658)
		at org.apache.catalina.core.ApplicationFilterChain.internalDoFilter(ApplicationFilterChain.java:193)
		at org.apache.catalina.core.ApplicationFilterChain.doFilter(ApplicationFilterChain.java:138)
		at org.apache.tomcat.websocket.server.WsFilter.doFilter(WsFilter.java:51)
		at org.apache.catalina.core.ApplicationFilterChain.internalDoFilter(ApplicationFilterChain.java:162)
		at org.apache.catalina.core.ApplicationFilterChain.doFilter(ApplicationFilterChain.java:138)
		at org.apache.catalina.core.ApplicationDispatcher.invoke(ApplicationDispatcher.java:610)
		at org.apache.catalina.core.ApplicationDispatcher.processRequest(ApplicationDispatcher.java:392)
		at org.apache.catalina.core.ApplicationDispatcher.doForward(ApplicationDispatcher.java:321)
		at org.apache.catalina.core.ApplicationDispatcher.forward(ApplicationDispatcher.java:266)
		at controller.HomeController.doGet(HomeController.java:44)
		at jakarta.servlet.http.HttpServlet.service(HttpServlet.java:564)
		at jakarta.servlet.http.HttpServlet.service(HttpServlet.java:658)
		at org.apache.catalina.core.ApplicationFilterChain.internalDoFilter(ApplicationFilterChain.java:193)
		at org.apache.catalina.core.ApplicationFilterChain.doFilter(ApplicationFilterChain.java:138)
		at org.apache.tomcat.websocket.server.WsFilter.doFilter(WsFilter.java:51)
		at org.apache.catalina.core.ApplicationFilterChain.internalDoFilter(ApplicationFilterChain.java:162)
		at org.apache.catalina.core.ApplicationFilterChain.doFilter(ApplicationFilterChain.java:138)
		at org.apache.catalina.core.StandardWrapperValve.invoke(StandardWrapperValve.java:165)
		at org.apache.catalina.core.StandardContextValve.invoke(StandardContextValve.java:88)
		at org.apache.catalina.authenticator.AuthenticatorBase.invoke(AuthenticatorBase.java:492)
		at org.apache.catalina.core.StandardHostValve.invoke(StandardHostValve.java:113)
		at org.apache.catalina.valves.ErrorReportValve.invoke(ErrorReportValve.java:83)
		at org.apache.catalina.valves.AbstractAccessLogValve.invoke(AbstractAccessLogValve.java:654)
		at org.apache.catalina.core.StandardEngineValve.invoke(StandardEngineValve.java:72)
		at org.apache.catalina.connector.CoyoteAdapter.service(CoyoteAdapter.java:342)
		at org.apache.coyote.http11.Http11Processor.service(Http11Processor.java:399)
		at org.apache.coyote.AbstractProcessorLight.process(AbstractProcessorLight.java:63)
		at org.apache.coyote.AbstractProtocol$ConnectionHandler.process(AbstractProtocol.java:903)
		at org.apache.tomcat.util.net.NioEndpoint$SocketProcessor.doRun(NioEndpoint.java:1775)
		at org.apache.tomcat.util.net.SocketProcessorBase.run(SocketProcessorBase.java:52)
		at org.apache.tomcat.util.threads.ThreadPoolExecutor.runWorker(ThreadPoolExecutor.java:973)
		at org.apache.tomcat.util.threads.ThreadPoolExecutor$Worker.run(ThreadPoolExecutor.java:491)
		at org.apache.tomcat.util.threads.TaskThread$WrappingRunnable.run(TaskThread.java:63)
		at java.base/java.lang.Thread.run(Thread.java:1583)
02-Apr-2026 23:28:10.284 SEVERE [http-nio-8080-exec-6] org.apache.catalina.core.ApplicationDispatcher.invoke Servlet.service() for servlet [jsp] threw exception
	java.lang.ClassNotFoundException: org.apache.jsp.index_jsp
		at java.base/java.net.URLClassLoader.findClass(URLClassLoader.java:445)
		at org.apache.jasper.servlet.JasperLoader.loadClass(JasperLoader.java:116)
		at org.apache.jasper.servlet.JasperLoader.loadClass(JasperLoader.java:53)
		at org.apache.catalina.core.DefaultInstanceManager.newInstance(DefaultInstanceManager.java:151)
		at org.apache.jasper.servlet.JspServletWrapper.getServlet(JspServletWrapper.java:163)
		at org.apache.jasper.servlet.JspServletWrapper.service(JspServletWrapper.java:382)
		at org.apache.jasper.servlet.JspServlet.serviceJspFile(JspServlet.java:350)
		at org.apache.jasper.servlet.JspServlet.service(JspServlet.java:301)
		at jakarta.servlet.http.HttpServlet.service(HttpServlet.java:658)
		at org.apache.catalina.core.ApplicationFilterChain.internalDoFilter(ApplicationFilterChain.java:193)
		at org.apache.catalina.core.ApplicationFilterChain.doFilter(ApplicationFilterChain.java:138)
		at org.apache.tomcat.websocket.server.WsFilter.doFilter(WsFilter.java:51)
		at org.apache.catalina.core.ApplicationFilterChain.internalDoFilter(ApplicationFilterChain.java:162)
		at org.apache.catalina.core.ApplicationFilterChain.doFilter(ApplicationFilterChain.java:138)
		at org.apache.catalina.core.ApplicationDispatcher.invoke(ApplicationDispatcher.java:610)
		at org.apache.catalina.core.ApplicationDispatcher.processRequest(ApplicationDispatcher.java:392)
		at org.apache.catalina.core.ApplicationDispatcher.doForward(ApplicationDispatcher.java:321)
		at org.apache.catalina.core.ApplicationDispatcher.forward(ApplicationDispatcher.java:266)
		at controller.HomeController.doGet(HomeController.java:44)
		at jakarta.servlet.http.HttpServlet.service(HttpServlet.java:564)
		at jakarta.servlet.http.HttpServlet.service(HttpServlet.java:658)
		at org.apache.catalina.core.ApplicationFilterChain.internalDoFilter(ApplicationFilterChain.java:193)
		at org.apache.catalina.core.ApplicationFilterChain.doFilter(ApplicationFilterChain.java:138)
		at org.apache.tomcat.websocket.server.WsFilter.doFilter(WsFilter.java:51)
		at org.apache.catalina.core.ApplicationFilterChain.internalDoFilter(ApplicationFilterChain.java:162)
		at org.apache.catalina.core.ApplicationFilterChain.doFilter(ApplicationFilterChain.java:138)
		at org.apache.catalina.core.StandardWrapperValve.invoke(StandardWrapperValve.java:165)
		at org.apache.catalina.core.StandardContextValve.invoke(StandardContextValve.java:88)
		at org.apache.catalina.authenticator.AuthenticatorBase.invoke(AuthenticatorBase.java:492)
		at org.apache.catalina.core.StandardHostValve.invoke(StandardHostValve.java:113)
		at org.apache.catalina.valves.ErrorReportValve.invoke(ErrorReportValve.java:83)
		at org.apache.catalina.valves.AbstractAccessLogValve.invoke(AbstractAccessLogValve.java:654)
		at org.apache.catalina.core.StandardEngineValve.invoke(StandardEngineValve.java:72)
		at org.apache.catalina.connector.CoyoteAdapter.service(CoyoteAdapter.java:342)
		at org.apache.coyote.http11.Http11Processor.service(Http11Processor.java:399)
		at org.apache.coyote.AbstractProcessorLight.process(AbstractProcessorLight.java:63)
		at org.apache.coyote.AbstractProtocol$ConnectionHandler.process(AbstractProtocol.java:903)
		at org.apache.tomcat.util.net.NioEndpoint$SocketProcessor.doRun(NioEndpoint.java:1775)
		at org.apache.tomcat.util.net.SocketProcessorBase.run(SocketProcessorBase.java:52)
		at org.apache.tomcat.util.threads.ThreadPoolExecutor.runWorker(ThreadPoolExecutor.java:973)
		at org.apache.tomcat.util.threads.ThreadPoolExecutor$Worker.run(ThreadPoolExecutor.java:491)
		at org.apache.tomcat.util.threads.TaskThread$WrappingRunnable.run(TaskThread.java:63)
		at java.base/java.lang.Thread.run(Thread.java:1583)
02-Apr-2026 23:28:10.285 SEVERE [http-nio-8080-exec-6] org.apache.catalina.core.StandardWrapperValve.invoke Servlet.service() for servlet [controller.HomeController] in context with path [/HomePS] threw exception [org.apache.jasper.JasperException: java.lang.ClassNotFoundException: org.apache.jsp.index_jsp] with root cause
	java.lang.ClassNotFoundException: org.apache.jsp.index_jsp
		at java.base/java.net.URLClassLoader.findClass(URLClassLoader.java:445)
		at org.apache.jasper.servlet.JasperLoader.loadClass(JasperLoader.java:116)
		at org.apache.jasper.servlet.JasperLoader.loadClass(JasperLoader.java:53)
		at org.apache.catalina.core.DefaultInstanceManager.newInstance(DefaultInstanceManager.java:151)
		at org.apache.jasper.servlet.JspServletWrapper.getServlet(JspServletWrapper.java:163)
		at org.apache.jasper.servlet.JspServletWrapper.service(JspServletWrapper.java:382)
		at org.apache.jasper.servlet.JspServlet.serviceJspFile(JspServlet.java:350)
		at org.apache.jasper.servlet.JspServlet.service(JspServlet.java:301)
		at jakarta.servlet.http.HttpServlet.service(HttpServlet.java:658)
		at org.apache.catalina.core.ApplicationFilterChain.internalDoFilter(ApplicationFilterChain.java:193)
		at org.apache.catalina.core.ApplicationFilterChain.doFilter(ApplicationFilterChain.java:138)
		at org.apache.tomcat.websocket.server.WsFilter.doFilter(WsFilter.java:51)
		at org.apache.catalina.core.ApplicationFilterChain.internalDoFilter(ApplicationFilterChain.java:162)
		at org.apache.catalina.core.ApplicationFilterChain.doFilter(ApplicationFilterChain.java:138)
		at org.apache.catalina.core.ApplicationDispatcher.invoke(ApplicationDispatcher.java:610)
		at org.apache.catalina.core.ApplicationDispatcher.processRequest(ApplicationDispatcher.java:392)
		at org.apache.catalina.core.ApplicationDispatcher.doForward(ApplicationDispatcher.java:321)
		at org.apache.catalina.core.ApplicationDispatcher.forward(ApplicationDispatcher.java:266)
		at controller.HomeController.doGet(HomeController.java:44)
		at jakarta.servlet.http.HttpServlet.service(HttpServlet.java:564)
		at jakarta.servlet.http.HttpServlet.service(HttpServlet.java:658)
		at org.apache.catalina.core.ApplicationFilterChain.internalDoFilter(ApplicationFilterChain.java:193)
		at org.apache.catalina.core.ApplicationFilterChain.doFilter(ApplicationFilterChain.java:138)
		at org.apache.tomcat.websocket.server.WsFilter.doFilter(WsFilter.java:51)
		at org.apache.catalina.core.ApplicationFilterChain.internalDoFilter(ApplicationFilterChain.java:162)
		at org.apache.catalina.core.ApplicationFilterChain.doFilter(ApplicationFilterChain.java:138)
		at org.apache.catalina.core.StandardWrapperValve.invoke(StandardWrapperValve.java:165)
		at org.apache.catalina.core.StandardContextValve.invoke(StandardContextValve.java:88)
		at org.apache.catalina.authenticator.AuthenticatorBase.invoke(AuthenticatorBase.java:492)
		at org.apache.catalina.core.StandardHostValve.invoke(StandardHostValve.java:113)
		at org.apache.catalina.valves.ErrorReportValve.invoke(ErrorReportValve.java:83)
		at org.apache.catalina.valves.AbstractAccessLogValve.invoke(AbstractAccessLogValve.java:654)
		at org.apache.catalina.core.StandardEngineValve.invoke(StandardEngineValve.java:72)
		at org.apache.catalina.connector.CoyoteAdapter.service(CoyoteAdapter.java:342)
		at org.apache.coyote.http11.Http11Processor.service(Http11Processor.java:399)
		at org.apache.coyote.AbstractProcessorLight.process(AbstractProcessorLight.java:63)
		at org.apache.coyote.AbstractProtocol$ConnectionHandler.process(AbstractProtocol.java:903)
		at org.apache.tomcat.util.net.NioEndpoint$SocketProcessor.doRun(NioEndpoint.java:1775)
		at org.apache.tomcat.util.net.SocketProcessorBase.run(SocketProcessorBase.java:52)
		at org.apache.tomcat.util.threads.ThreadPoolExecutor.runWorker(ThreadPoolExecutor.java:973)
		at org.apache.tomcat.util.threads.ThreadPoolExecutor$Worker.run(ThreadPoolExecutor.java:491)
		at org.apache.tomcat.util.threads.TaskThread$WrappingRunnable.run(TaskThread.java:63)
		at java.base/java.lang.Thread.run(Thread.java:1583)
02-Apr-2026 23:28:11.155 SEVERE [http-nio-8080-exec-5] org.apache.catalina.core.ApplicationDispatcher.invoke Servlet.service() for servlet [jsp] threw exception
	java.lang.ClassNotFoundException: org.apache.jsp.index_jsp
		at java.base/java.net.URLClassLoader.findClass(URLClassLoader.java:445)
		at org.apache.jasper.servlet.JasperLoader.loadClass(JasperLoader.java:116)
		at org.apache.jasper.servlet.JasperLoader.loadClass(JasperLoader.java:53)
		at org.apache.catalina.core.DefaultInstanceManager.newInstance(DefaultInstanceManager.java:151)
		at org.apache.jasper.servlet.JspServletWrapper.getServlet(JspServletWrapper.java:163)
		at org.apache.jasper.servlet.JspServletWrapper.service(JspServletWrapper.java:382)
		at org.apache.jasper.servlet.JspServlet.serviceJspFile(JspServlet.java:350)
		at org.apache.jasper.servlet.JspServlet.service(JspServlet.java:301)
		at jakarta.servlet.http.HttpServlet.service(HttpServlet.java:658)
		at org.apache.catalina.core.ApplicationFilterChain.internalDoFilter(ApplicationFilterChain.java:193)
		at org.apache.catalina.core.ApplicationFilterChain.doFilter(ApplicationFilterChain.java:138)
		at org.apache.tomcat.websocket.server.WsFilter.doFilter(WsFilter.java:51)
		at org.apache.catalina.core.ApplicationFilterChain.internalDoFilter(ApplicationFilterChain.java:162)
		at org.apache.catalina.core.ApplicationFilterChain.doFilter(ApplicationFilterChain.java:138)
		at org.apache.catalina.core.ApplicationDispatcher.invoke(ApplicationDispatcher.java:610)
		at org.apache.catalina.core.ApplicationDispatcher.processRequest(ApplicationDispatcher.java:392)
		at org.apache.catalina.core.ApplicationDispatcher.doForward(ApplicationDispatcher.java:321)
		at org.apache.catalina.core.ApplicationDispatcher.forward(ApplicationDispatcher.java:266)
		at controller.HomeController.doGet(HomeController.java:44)
		at jakarta.servlet.http.HttpServlet.service(HttpServlet.java:564)
		at jakarta.servlet.http.HttpServlet.service(HttpServlet.java:658)
		at org.apache.catalina.core.ApplicationFilterChain.internalDoFilter(ApplicationFilterChain.java:193)
		at org.apache.catalina.core.ApplicationFilterChain.doFilter(ApplicationFilterChain.java:138)
		at org.apache.tomcat.websocket.server.WsFilter.doFilter(WsFilter.java:51)
		at org.apache.catalina.core.ApplicationFilterChain.internalDoFilter(ApplicationFilterChain.java:162)
		at org.apache.catalina.core.ApplicationFilterChain.doFilter(ApplicationFilterChain.java:138)
		at org.apache.catalina.core.StandardWrapperValve.invoke(StandardWrapperValve.java:165)
		at org.apache.catalina.core.StandardContextValve.invoke(StandardContextValve.java:88)
		at org.apache.catalina.authenticator.AuthenticatorBase.invoke(AuthenticatorBase.java:492)
		at org.apache.catalina.core.StandardHostValve.invoke(StandardHostValve.java:113)
		at org.apache.catalina.valves.ErrorReportValve.invoke(ErrorReportValve.java:83)
		at org.apache.catalina.valves.AbstractAccessLogValve.invoke(AbstractAccessLogValve.java:654)
		at org.apache.catalina.core.StandardEngineValve.invoke(StandardEngineValve.java:72)
		at org.apache.catalina.connector.CoyoteAdapter.service(CoyoteAdapter.java:342)
		at org.apache.coyote.http11.Http11Processor.service(Http11Processor.java:399)
		at org.apache.coyote.AbstractProcessorLight.process(AbstractProcessorLight.java:63)
		at org.apache.coyote.AbstractProtocol$ConnectionHandler.process(AbstractProtocol.java:903)
		at org.apache.tomcat.util.net.NioEndpoint$SocketProcessor.doRun(NioEndpoint.java:1775)
		at org.apache.tomcat.util.net.SocketProcessorBase.run(SocketProcessorBase.java:52)
		at org.apache.tomcat.util.threads.ThreadPoolExecutor.runWorker(ThreadPoolExecutor.java:973)
		at org.apache.tomcat.util.threads.ThreadPoolExecutor$Worker.run(ThreadPoolExecutor.java:491)
		at org.apache.tomcat.util.threads.TaskThread$WrappingRunnable.run(TaskThread.java:63)
		at java.base/java.lang.Thread.run(Thread.java:1583)
02-Apr-2026 23:28:11.155 SEVERE [http-nio-8080-exec-5] org.apache.catalina.core.StandardWrapperValve.invoke Servlet.service() for servlet [controller.HomeController] in context with path [/HomePS] threw exception [org.apache.jasper.JasperException: java.lang.ClassNotFoundException: org.apache.jsp.index_jsp] with root cause
	java.lang.ClassNotFoundException: org.apache.jsp.index_jsp
		at java.base/java.net.URLClassLoader.findClass(URLClassLoader.java:445)
		at org.apache.jasper.servlet.JasperLoader.loadClass(JasperLoader.java:116)
		at org.apache.jasper.servlet.JasperLoader.loadClass(JasperLoader.java:53)
		at org.apache.catalina.core.DefaultInstanceManager.newInstance(DefaultInstanceManager.java:151)
		at org.apache.jasper.servlet.JspServletWrapper.getServlet(JspServletWrapper.java:163)
		at org.apache.jasper.servlet.JspServletWrapper.service(JspServletWrapper.java:382)
		at org.apache.jasper.servlet.JspServlet.serviceJspFile(JspServlet.java:350)
		at org.apache.jasper.servlet.JspServlet.service(JspServlet.java:301)
		at jakarta.servlet.http.HttpServlet.service(HttpServlet.java:658)
		at org.apache.catalina.core.ApplicationFilterChain.internalDoFilter(ApplicationFilterChain.java:193)
		at org.apache.catalina.core.ApplicationFilterChain.doFilter(ApplicationFilterChain.java:138)
		at org.apache.tomcat.websocket.server.WsFilter.doFilter(WsFilter.java:51)
		at org.apache.catalina.core.ApplicationFilterChain.internalDoFilter(ApplicationFilterChain.java:162)
		at org.apache.catalina.core.ApplicationFilterChain.doFilter(ApplicationFilterChain.java:138)
		at org.apache.catalina.core.ApplicationDispatcher.invoke(ApplicationDispatcher.java:610)
		at org.apache.catalina.core.ApplicationDispatcher.processRequest(ApplicationDispatcher.java:392)
		at org.apache.catalina.core.ApplicationDispatcher.doForward(ApplicationDispatcher.java:321)
		at org.apache.catalina.core.ApplicationDispatcher.forward(ApplicationDispatcher.java:266)
		at controller.HomeController.doGet(HomeController.java:44)
		at jakarta.servlet.http.HttpServlet.service(HttpServlet.java:564)
		at jakarta.servlet.http.HttpServlet.service(HttpServlet.java:658)
		at org.apache.catalina.core.ApplicationFilterChain.internalDoFilter(ApplicationFilterChain.java:193)
		at org.apache.catalina.core.ApplicationFilterChain.doFilter(ApplicationFilterChain.java:138)
		at org.apache.tomcat.websocket.server.WsFilter.doFilter(WsFilter.java:51)
		at org.apache.catalina.core.ApplicationFilterChain.internalDoFilter(ApplicationFilterChain.java:162)
		at org.apache.catalina.core.ApplicationFilterChain.doFilter(ApplicationFilterChain.java:138)
		at org.apache.catalina.core.StandardWrapperValve.invoke(StandardWrapperValve.java:165)
		at org.apache.catalina.core.StandardContextValve.invoke(StandardContextValve.java:88)
		at org.apache.catalina.authenticator.AuthenticatorBase.invoke(AuthenticatorBase.java:492)
		at org.apache.catalina.core.StandardHostValve.invoke(StandardHostValve.java:113)
		at org.apache.catalina.valves.ErrorReportValve.invoke(ErrorReportValve.java:83)
		at org.apache.catalina.valves.AbstractAccessLogValve.invoke(AbstractAccessLogValve.java:654)
		at org.apache.catalina.core.StandardEngineValve.invoke(StandardEngineValve.java:72)
		at org.apache.catalina.connector.CoyoteAdapter.service(CoyoteAdapter.java:342)
		at org.apache.coyote.http11.Http11Processor.service(Http11Processor.java:399)
		at org.apache.coyote.AbstractProcessorLight.process(AbstractProcessorLight.java:63)
		at org.apache.coyote.AbstractProtocol$ConnectionHandler.process(AbstractProtocol.java:903)
		at org.apache.tomcat.util.net.NioEndpoint$SocketProcessor.doRun(NioEndpoint.java:1775)
		at org.apache.tomcat.util.net.SocketProcessorBase.run(SocketProcessorBase.java:52)
		at org.apache.tomcat.util.threads.ThreadPoolExecutor.runWorker(ThreadPoolExecutor.java:973)
		at org.apache.tomcat.util.threads.ThreadPoolExecutor$Worker.run(ThreadPoolExecutor.java:491)
		at org.apache.tomcat.util.threads.TaskThread$WrappingRunnable.run(TaskThread.java:63)
		at java.base/java.lang.Thread.run(Thread.java:1583)
02-Apr-2026 23:28:11.509 SEVERE [http-nio-8080-exec-8] org.apache.catalina.core.ApplicationDispatcher.invoke Servlet.service() for servlet [jsp] threw exception
	java.lang.ClassNotFoundException: org.apache.jsp.index_jsp
		at java.base/java.net.URLClassLoader.findClass(URLClassLoader.java:445)
		at org.apache.jasper.servlet.JasperLoader.loadClass(JasperLoader.java:116)
		at org.apache.jasper.servlet.JasperLoader.loadClass(JasperLoader.java:53)
		at org.apache.catalina.core.DefaultInstanceManager.newInstance(DefaultInstanceManager.java:151)
		at org.apache.jasper.servlet.JspServletWrapper.getServlet(JspServletWrapper.java:163)
		at org.apache.jasper.servlet.JspServletWrapper.service(JspServletWrapper.java:382)
		at org.apache.jasper.servlet.JspServlet.serviceJspFile(JspServlet.java:350)
		at org.apache.jasper.servlet.JspServlet.service(JspServlet.java:301)
		at jakarta.servlet.http.HttpServlet.service(HttpServlet.java:658)
		at org.apache.catalina.core.ApplicationFilterChain.internalDoFilter(ApplicationFilterChain.java:193)
		at org.apache.catalina.core.ApplicationFilterChain.doFilter(ApplicationFilterChain.java:138)
		at org.apache.tomcat.websocket.server.WsFilter.doFilter(WsFilter.java:51)
		at org.apache.catalina.core.ApplicationFilterChain.internalDoFilter(ApplicationFilterChain.java:162)
		at org.apache.catalina.core.ApplicationFilterChain.doFilter(ApplicationFilterChain.java:138)
		at org.apache.catalina.core.ApplicationDispatcher.invoke(ApplicationDispatcher.java:610)
		at org.apache.catalina.core.ApplicationDispatcher.processRequest(ApplicationDispatcher.java:392)
		at org.apache.catalina.core.ApplicationDispatcher.doForward(ApplicationDispatcher.java:321)
		at org.apache.catalina.core.ApplicationDispatcher.forward(ApplicationDispatcher.java:266)
		at controller.HomeController.doGet(HomeController.java:44)
		at jakarta.servlet.http.HttpServlet.service(HttpServlet.java:564)
		at jakarta.servlet.http.HttpServlet.service(HttpServlet.java:658)
		at org.apache.catalina.core.ApplicationFilterChain.internalDoFilter(ApplicationFilterChain.java:193)
		at org.apache.catalina.core.ApplicationFilterChain.doFilter(ApplicationFilterChain.java:138)
		at org.apache.tomcat.websocket.server.WsFilter.doFilter(WsFilter.java:51)
		at org.apache.catalina.core.ApplicationFilterChain.internalDoFilter(ApplicationFilterChain.java:162)
		at org.apache.catalina.core.ApplicationFilterChain.doFilter(ApplicationFilterChain.java:138)
		at org.apache.catalina.core.StandardWrapperValve.invoke(StandardWrapperValve.java:165)
		at org.apache.catalina.core.StandardContextValve.invoke(StandardContextValve.java:88)
		at org.apache.catalina.authenticator.AuthenticatorBase.invoke(AuthenticatorBase.java:492)
		at org.apache.catalina.core.StandardHostValve.invoke(StandardHostValve.java:113)
		at org.apache.catalina.valves.ErrorReportValve.invoke(ErrorReportValve.java:83)
		at org.apache.catalina.valves.AbstractAccessLogValve.invoke(AbstractAccessLogValve.java:654)
		at org.apache.catalina.core.StandardEngineValve.invoke(StandardEngineValve.java:72)
		at org.apache.catalina.connector.CoyoteAdapter.service(CoyoteAdapter.java:342)
		at org.apache.coyote.http11.Http11Processor.service(Http11Processor.java:399)
		at org.apache.coyote.AbstractProcessorLight.process(AbstractProcessorLight.java:63)
		at org.apache.coyote.AbstractProtocol$ConnectionHandler.process(AbstractProtocol.java:903)
		at org.apache.tomcat.util.net.NioEndpoint$SocketProcessor.doRun(NioEndpoint.java:1775)
		at org.apache.tomcat.util.net.SocketProcessorBase.run(SocketProcessorBase.java:52)
		at org.apache.tomcat.util.threads.ThreadPoolExecutor.runWorker(ThreadPoolExecutor.java:973)
		at org.apache.tomcat.util.threads.ThreadPoolExecutor$Worker.run(ThreadPoolExecutor.java:491)
		at org.apache.tomcat.util.threads.TaskThread$WrappingRunnable.run(TaskThread.java:63)
		at java.base/java.lang.Thread.run(Thread.java:1583)
02-Apr-2026 23:28:11.510 SEVERE [http-nio-8080-exec-8] org.apache.catalina.core.StandardWrapperValve.invoke Servlet.service() for servlet [controller.HomeController] in context with path [/HomePS] threw exception [org.apache.jasper.JasperException: java.lang.ClassNotFoundException: org.apache.jsp.index_jsp] with root cause
	java.lang.ClassNotFoundException: org.apache.jsp.index_jsp
		at java.base/java.net.URLClassLoader.findClass(URLClassLoader.java:445)
		at org.apache.jasper.servlet.JasperLoader.loadClass(JasperLoader.java:116)
		at org.apache.jasper.servlet.JasperLoader.loadClass(JasperLoader.java:53)
		at org.apache.catalina.core.DefaultInstanceManager.newInstance(DefaultInstanceManager.java:151)
		at org.apache.jasper.servlet.JspServletWrapper.getServlet(JspServletWrapper.java:163)
		at org.apache.jasper.servlet.JspServletWrapper.service(JspServletWrapper.java:382)
		at org.apache.jasper.servlet.JspServlet.serviceJspFile(JspServlet.java:350)
		at org.apache.jasper.servlet.JspServlet.service(JspServlet.java:301)
		at jakarta.servlet.http.HttpServlet.service(HttpServlet.java:658)
		at org.apache.catalina.core.ApplicationFilterChain.internalDoFilter(ApplicationFilterChain.java:193)
		at org.apache.catalina.core.ApplicationFilterChain.doFilter(ApplicationFilterChain.java:138)
		at org.apache.tomcat.websocket.server.WsFilter.doFilter(WsFilter.java:51)
		at org.apache.catalina.core.ApplicationFilterChain.internalDoFilter(ApplicationFilterChain.java:162)
		at org.apache.catalina.core.ApplicationFilterChain.doFilter(ApplicationFilterChain.java:138)
		at org.apache.catalina.core.ApplicationDispatcher.invoke(ApplicationDispatcher.java:610)
		at org.apache.catalina.core.ApplicationDispatcher.processRequest(ApplicationDispatcher.java:392)
		at org.apache.catalina.core.ApplicationDispatcher.doForward(ApplicationDispatcher.java:321)
		at org.apache.catalina.core.ApplicationDispatcher.forward(ApplicationDispatcher.java:266)
		at controller.HomeController.doGet(HomeController.java:44)
		at jakarta.servlet.http.HttpServlet.service(HttpServlet.java:564)
		at jakarta.servlet.http.HttpServlet.service(HttpServlet.java:658)
		at org.apache.catalina.core.ApplicationFilterChain.internalDoFilter(ApplicationFilterChain.java:193)
		at org.apache.catalina.core.ApplicationFilterChain.doFilter(ApplicationFilterChain.java:138)
		at org.apache.tomcat.websocket.server.WsFilter.doFilter(WsFilter.java:51)
		at org.apache.catalina.core.ApplicationFilterChain.internalDoFilter(ApplicationFilterChain.java:162)
		at org.apache.catalina.core.ApplicationFilterChain.doFilter(ApplicationFilterChain.java:138)
		at org.apache.catalina.core.StandardWrapperValve.invoke(StandardWrapperValve.java:165)
		at org.apache.catalina.core.StandardContextValve.invoke(StandardContextValve.java:88)
		at org.apache.catalina.authenticator.AuthenticatorBase.invoke(AuthenticatorBase.java:492)
		at org.apache.catalina.core.StandardHostValve.invoke(StandardHostValve.java:113)
		at org.apache.catalina.valves.ErrorReportValve.invoke(ErrorReportValve.java:83)
		at org.apache.catalina.valves.AbstractAccessLogValve.invoke(AbstractAccessLogValve.java:654)
		at org.apache.catalina.core.StandardEngineValve.invoke(StandardEngineValve.java:72)
		at org.apache.catalina.connector.CoyoteAdapter.service(CoyoteAdapter.java:342)
		at org.apache.coyote.http11.Http11Processor.service(Http11Processor.java:399)
		at org.apache.coyote.AbstractProcessorLight.process(AbstractProcessorLight.java:63)
		at org.apache.coyote.AbstractProtocol$ConnectionHandler.process(AbstractProtocol.java:903)
		at org.apache.tomcat.util.net.NioEndpoint$SocketProcessor.doRun(NioEndpoint.java:1775)
		at org.apache.tomcat.util.net.SocketProcessorBase.run(SocketProcessorBase.java:52)
		at org.apache.tomcat.util.threads.ThreadPoolExecutor.runWorker(ThreadPoolExecutor.java:973)
		at org.apache.tomcat.util.threads.ThreadPoolExecutor$Worker.run(ThreadPoolExecutor.java:491)
		at org.apache.tomcat.util.threads.TaskThread$WrappingRunnable.run(TaskThread.java:63)
		at java.base/java.lang.Thread.run(Thread.java:1583)
02-Apr-2026 23:28:11.692 SEVERE [http-nio-8080-exec-10] org.apache.catalina.core.ApplicationDispatcher.invoke Servlet.service() for servlet [jsp] threw exception
	java.lang.ClassNotFoundException: org.apache.jsp.index_jsp
		at java.base/java.net.URLClassLoader.findClass(URLClassLoader.java:445)
		at org.apache.jasper.servlet.JasperLoader.loadClass(JasperLoader.java:116)
		at org.apache.jasper.servlet.JasperLoader.loadClass(JasperLoader.java:53)
		at org.apache.catalina.core.DefaultInstanceManager.newInstance(DefaultInstanceManager.java:151)
		at org.apache.jasper.servlet.JspServletWrapper.getServlet(JspServletWrapper.java:163)
		at org.apache.jasper.servlet.JspServletWrapper.service(JspServletWrapper.java:382)
		at org.apache.jasper.servlet.JspServlet.serviceJspFile(JspServlet.java:350)
		at org.apache.jasper.servlet.JspServlet.service(JspServlet.java:301)
		at jakarta.servlet.http.HttpServlet.service(HttpServlet.java:658)
		at org.apache.catalina.core.ApplicationFilterChain.internalDoFilter(ApplicationFilterChain.java:193)
		at org.apache.catalina.core.ApplicationFilterChain.doFilter(ApplicationFilterChain.java:138)
		at org.apache.tomcat.websocket.server.WsFilter.doFilter(WsFilter.java:51)
		at org.apache.catalina.core.ApplicationFilterChain.internalDoFilter(ApplicationFilterChain.java:162)
		at org.apache.catalina.core.ApplicationFilterChain.doFilter(ApplicationFilterChain.java:138)
		at org.apache.catalina.core.ApplicationDispatcher.invoke(ApplicationDispatcher.java:610)
		at org.apache.catalina.core.ApplicationDispatcher.processRequest(ApplicationDispatcher.java:392)
		at org.apache.catalina.core.ApplicationDispatcher.doForward(ApplicationDispatcher.java:321)
		at org.apache.catalina.core.ApplicationDispatcher.forward(ApplicationDispatcher.java:266)
		at controller.HomeController.doGet(HomeController.java:44)
		at jakarta.servlet.http.HttpServlet.service(HttpServlet.java:564)
		at jakarta.servlet.http.HttpServlet.service(HttpServlet.java:658)
		at org.apache.catalina.core.ApplicationFilterChain.internalDoFilter(ApplicationFilterChain.java:193)
		at org.apache.catalina.core.ApplicationFilterChain.doFilter(ApplicationFilterChain.java:138)
		at org.apache.tomcat.websocket.server.WsFilter.doFilter(WsFilter.java:51)
		at org.apache.catalina.core.ApplicationFilterChain.internalDoFilter(ApplicationFilterChain.java:162)
		at org.apache.catalina.core.ApplicationFilterChain.doFilter(ApplicationFilterChain.java:138)
		at org.apache.catalina.core.StandardWrapperValve.invoke(StandardWrapperValve.java:165)
		at org.apache.catalina.core.StandardContextValve.invoke(StandardContextValve.java:88)
		at org.apache.catalina.authenticator.AuthenticatorBase.invoke(AuthenticatorBase.java:492)
		at org.apache.catalina.core.StandardHostValve.invoke(StandardHostValve.java:113)
		at org.apache.catalina.valves.ErrorReportValve.invoke(ErrorReportValve.java:83)
		at org.apache.catalina.valves.AbstractAccessLogValve.invoke(AbstractAccessLogValve.java:654)
		at org.apache.catalina.core.StandardEngineValve.invoke(StandardEngineValve.java:72)
		at org.apache.catalina.connector.CoyoteAdapter.service(CoyoteAdapter.java:342)
		at org.apache.coyote.http11.Http11Processor.service(Http11Processor.java:399)
		at org.apache.coyote.AbstractProcessorLight.process(AbstractProcessorLight.java:63)
		at org.apache.coyote.AbstractProtocol$ConnectionHandler.process(AbstractProtocol.java:903)
		at org.apache.tomcat.util.net.NioEndpoint$SocketProcessor.doRun(NioEndpoint.java:1775)
		at org.apache.tomcat.util.net.SocketProcessorBase.run(SocketProcessorBase.java:52)
		at org.apache.tomcat.util.threads.ThreadPoolExecutor.runWorker(ThreadPoolExecutor.java:973)
		at org.apache.tomcat.util.threads.ThreadPoolExecutor$Worker.run(ThreadPoolExecutor.java:491)
		at org.apache.tomcat.util.threads.TaskThread$WrappingRunnable.run(TaskThread.java:63)
		at java.base/java.lang.Thread.run(Thread.java:1583)
02-Apr-2026 23:28:11.693 SEVERE [http-nio-8080-exec-10] org.apache.catalina.core.StandardWrapperValve.invoke Servlet.service() for servlet [controller.HomeController] in context with path [/HomePS] threw exception [org.apache.jasper.JasperException: java.lang.ClassNotFoundException: org.apache.jsp.index_jsp] with root cause
	java.lang.ClassNotFoundException: org.apache.jsp.index_jsp
		at java.base/java.net.URLClassLoader.findClass(URLClassLoader.java:445)
		at org.apache.jasper.servlet.JasperLoader.loadClass(JasperLoader.java:116)
		at org.apache.jasper.servlet.JasperLoader.loadClass(JasperLoader.java:53)
		at org.apache.catalina.core.DefaultInstanceManager.newInstance(DefaultInstanceManager.java:151)
		at org.apache.jasper.servlet.JspServletWrapper.getServlet(JspServletWrapper.java:163)
		at org.apache.jasper.servlet.JspServletWrapper.service(JspServletWrapper.java:382)
		at org.apache.jasper.servlet.JspServlet.serviceJspFile(JspServlet.java:350)
		at org.apache.jasper.servlet.JspServlet.service(JspServlet.java:301)
		at jakarta.servlet.http.HttpServlet.service(HttpServlet.java:658)
		at org.apache.catalina.core.ApplicationFilterChain.internalDoFilter(ApplicationFilterChain.java:193)
		at org.apache.catalina.core.ApplicationFilterChain.doFilter(ApplicationFilterChain.java:138)
		at org.apache.tomcat.websocket.server.WsFilter.doFilter(WsFilter.java:51)
		at org.apache.catalina.core.ApplicationFilterChain.internalDoFilter(ApplicationFilterChain.java:162)
		at org.apache.catalina.core.ApplicationFilterChain.doFilter(ApplicationFilterChain.java:138)
		at org.apache.catalina.core.ApplicationDispatcher.invoke(ApplicationDispatcher.java:610)
		at org.apache.catalina.core.ApplicationDispatcher.processRequest(ApplicationDispatcher.java:392)
		at org.apache.catalina.core.ApplicationDispatcher.doForward(ApplicationDispatcher.java:321)
		at org.apache.catalina.core.ApplicationDispatcher.forward(ApplicationDispatcher.java:266)
		at controller.HomeController.doGet(HomeController.java:44)
		at jakarta.servlet.http.HttpServlet.service(HttpServlet.java:564)
		at jakarta.servlet.http.HttpServlet.service(HttpServlet.java:658)
		at org.apache.catalina.core.ApplicationFilterChain.internalDoFilter(ApplicationFilterChain.java:193)
		at org.apache.catalina.core.ApplicationFilterChain.doFilter(ApplicationFilterChain.java:138)
		at org.apache.tomcat.websocket.server.WsFilter.doFilter(WsFilter.java:51)
		at org.apache.catalina.core.ApplicationFilterChain.internalDoFilter(ApplicationFilterChain.java:162)
		at org.apache.catalina.core.ApplicationFilterChain.doFilter(ApplicationFilterChain.java:138)
		at org.apache.catalina.core.StandardWrapperValve.invoke(StandardWrapperValve.java:165)
		at org.apache.catalina.core.StandardContextValve.invoke(StandardContextValve.java:88)
		at org.apache.catalina.authenticator.AuthenticatorBase.invoke(AuthenticatorBase.java:492)
		at org.apache.catalina.core.StandardHostValve.invoke(StandardHostValve.java:113)
		at org.apache.catalina.valves.ErrorReportValve.invoke(ErrorReportValve.java:83)
		at org.apache.catalina.valves.AbstractAccessLogValve.invoke(AbstractAccessLogValve.java:654)
		at org.apache.catalina.core.StandardEngineValve.invoke(StandardEngineValve.java:72)
		at org.apache.catalina.connector.CoyoteAdapter.service(CoyoteAdapter.java:342)
		at org.apache.coyote.http11.Http11Processor.service(Http11Processor.java:399)
		at org.apache.coyote.AbstractProcessorLight.process(AbstractProcessorLight.java:63)
		at org.apache.coyote.AbstractProtocol$ConnectionHandler.process(AbstractProtocol.java:903)
		at org.apache.tomcat.util.net.NioEndpoint$SocketProcessor.doRun(NioEndpoint.java:1775)
		at org.apache.tomcat.util.net.SocketProcessorBase.run(SocketProcessorBase.java:52)
		at org.apache.tomcat.util.threads.ThreadPoolExecutor.runWorker(ThreadPoolExecutor.java:973)
		at org.apache.tomcat.util.threads.ThreadPoolExecutor$Worker.run(ThreadPoolExecutor.java:491)
		at org.apache.tomcat.util.threads.TaskThread$WrappingRunnable.run(TaskThread.java:63)
		at java.base/java.lang.Thread.run(Thread.java:1583)
02-Apr-2026 23:28:11.878 SEVERE [http-nio-8080-exec-9] org.apache.catalina.core.ApplicationDispatcher.invoke Servlet.service() for servlet [jsp] threw exception
	java.lang.ClassNotFoundException: org.apache.jsp.index_jsp
		at java.base/java.net.URLClassLoader.findClass(URLClassLoader.java:445)
		at org.apache.jasper.servlet.JasperLoader.loadClass(JasperLoader.java:116)
		at org.apache.jasper.servlet.JasperLoader.loadClass(JasperLoader.java:53)
		at org.apache.catalina.core.DefaultInstanceManager.newInstance(DefaultInstanceManager.java:151)
		at org.apache.jasper.servlet.JspServletWrapper.getServlet(JspServletWrapper.java:163)
		at org.apache.jasper.servlet.JspServletWrapper.service(JspServletWrapper.java:382)
		at org.apache.jasper.servlet.JspServlet.serviceJspFile(JspServlet.java:350)
		at org.apache.jasper.servlet.JspServlet.service(JspServlet.java:301)
		at jakarta.servlet.http.HttpServlet.service(HttpServlet.java:658)
		at org.apache.catalina.core.ApplicationFilterChain.internalDoFilter(ApplicationFilterChain.java:193)
		at org.apache.catalina.core.ApplicationFilterChain.doFilter(ApplicationFilterChain.java:138)
		at org.apache.tomcat.websocket.server.WsFilter.doFilter(WsFilter.java:51)
		at org.apache.catalina.core.ApplicationFilterChain.internalDoFilter(ApplicationFilterChain.java:162)
		at org.apache.catalina.core.ApplicationFilterChain.doFilter(ApplicationFilterChain.java:138)
		at org.apache.catalina.core.ApplicationDispatcher.invoke(ApplicationDispatcher.java:610)
		at org.apache.catalina.core.ApplicationDispatcher.processRequest(ApplicationDispatcher.java:392)
		at org.apache.catalina.core.ApplicationDispatcher.doForward(ApplicationDispatcher.java:321)
		at org.apache.catalina.core.ApplicationDispatcher.forward(ApplicationDispatcher.java:266)
		at controller.HomeController.doGet(HomeController.java:44)
		at jakarta.servlet.http.HttpServlet.service(HttpServlet.java:564)
		at jakarta.servlet.http.HttpServlet.service(HttpServlet.java:658)
		at org.apache.catalina.core.ApplicationFilterChain.internalDoFilter(ApplicationFilterChain.java:193)
		at org.apache.catalina.core.ApplicationFilterChain.doFilter(ApplicationFilterChain.java:138)
		at org.apache.tomcat.websocket.server.WsFilter.doFilter(WsFilter.java:51)
		at org.apache.catalina.core.ApplicationFilterChain.internalDoFilter(ApplicationFilterChain.java:162)
		at org.apache.catalina.core.ApplicationFilterChain.doFilter(ApplicationFilterChain.java:138)
		at org.apache.catalina.core.StandardWrapperValve.invoke(StandardWrapperValve.java:165)
		at org.apache.catalina.core.StandardContextValve.invoke(StandardContextValve.java:88)
		at org.apache.catalina.authenticator.AuthenticatorBase.invoke(AuthenticatorBase.java:492)
		at org.apache.catalina.core.StandardHostValve.invoke(StandardHostValve.java:113)
		at org.apache.catalina.valves.ErrorReportValve.invoke(ErrorReportValve.java:83)
		at org.apache.catalina.valves.AbstractAccessLogValve.invoke(AbstractAccessLogValve.java:654)
		at org.apache.catalina.core.StandardEngineValve.invoke(StandardEngineValve.java:72)
		at org.apache.catalina.connector.CoyoteAdapter.service(CoyoteAdapter.java:342)
		at org.apache.coyote.http11.Http11Processor.service(Http11Processor.java:399)
		at org.apache.coyote.AbstractProcessorLight.process(AbstractProcessorLight.java:63)
		at org.apache.coyote.AbstractProtocol$ConnectionHandler.process(AbstractProtocol.java:903)
		at org.apache.tomcat.util.net.NioEndpoint$SocketProcessor.doRun(NioEndpoint.java:1775)
		at org.apache.tomcat.util.net.SocketProcessorBase.run(SocketProcessorBase.java:52)
		at org.apache.tomcat.util.threads.ThreadPoolExecutor.runWorker(ThreadPoolExecutor.java:973)
		at org.apache.tomcat.util.threads.ThreadPoolExecutor$Worker.run(ThreadPoolExecutor.java:491)
		at org.apache.tomcat.util.threads.TaskThread$WrappingRunnable.run(TaskThread.java:63)
		at java.base/java.lang.Thread.run(Thread.java:1583)
02-Apr-2026 23:28:11.878 SEVERE [http-nio-8080-exec-9] org.apache.catalina.core.StandardWrapperValve.invoke Servlet.service() for servlet [controller.HomeController] in context with path [/HomePS] threw exception [org.apache.jasper.JasperException: java.lang.ClassNotFoundException: org.apache.jsp.index_jsp] with root cause
	java.lang.ClassNotFoundException: org.apache.jsp.index_jsp
		at java.base/java.net.URLClassLoader.findClass(URLClassLoader.java:445)
		at org.apache.jasper.servlet.JasperLoader.loadClass(JasperLoader.java:116)
		at org.apache.jasper.servlet.JasperLoader.loadClass(JasperLoader.java:53)
		at org.apache.catalina.core.DefaultInstanceManager.newInstance(DefaultInstanceManager.java:151)
		at org.apache.jasper.servlet.JspServletWrapper.getServlet(JspServletWrapper.java:163)
		at org.apache.jasper.servlet.JspServletWrapper.service(JspServletWrapper.java:382)
		at org.apache.jasper.servlet.JspServlet.serviceJspFile(JspServlet.java:350)
		at org.apache.jasper.servlet.JspServlet.service(JspServlet.java:301)
		at jakarta.servlet.http.HttpServlet.service(HttpServlet.java:658)
		at org.apache.catalina.core.ApplicationFilterChain.internalDoFilter(ApplicationFilterChain.java:193)
		at org.apache.catalina.core.ApplicationFilterChain.doFilter(ApplicationFilterChain.java:138)
		at org.apache.tomcat.websocket.server.WsFilter.doFilter(WsFilter.java:51)
		at org.apache.catalina.core.ApplicationFilterChain.internalDoFilter(ApplicationFilterChain.java:162)
		at org.apache.catalina.core.ApplicationFilterChain.doFilter(ApplicationFilterChain.java:138)
		at org.apache.catalina.core.ApplicationDispatcher.invoke(ApplicationDispatcher.java:610)
		at org.apache.catalina.core.ApplicationDispatcher.processRequest(ApplicationDispatcher.java:392)
		at org.apache.catalina.core.ApplicationDispatcher.doForward(ApplicationDispatcher.java:321)
		at org.apache.catalina.core.ApplicationDispatcher.forward(ApplicationDispatcher.java:266)
		at controller.HomeController.doGet(HomeController.java:44)
		at jakarta.servlet.http.HttpServlet.service(HttpServlet.java:564)
		at jakarta.servlet.http.HttpServlet.service(HttpServlet.java:658)
		at org.apache.catalina.core.ApplicationFilterChain.internalDoFilter(ApplicationFilterChain.java:193)
		at org.apache.catalina.core.ApplicationFilterChain.doFilter(ApplicationFilterChain.java:138)
		at org.apache.tomcat.websocket.server.WsFilter.doFilter(WsFilter.java:51)
		at org.apache.catalina.core.ApplicationFilterChain.internalDoFilter(ApplicationFilterChain.java:162)
		at org.apache.catalina.core.ApplicationFilterChain.doFilter(ApplicationFilterChain.java:138)
		at org.apache.catalina.core.StandardWrapperValve.invoke(StandardWrapperValve.java:165)
		at org.apache.catalina.core.StandardContextValve.invoke(StandardContextValve.java:88)
		at org.apache.catalina.authenticator.AuthenticatorBase.invoke(AuthenticatorBase.java:492)
		at org.apache.catalina.core.StandardHostValve.invoke(StandardHostValve.java:113)
		at org.apache.catalina.valves.ErrorReportValve.invoke(ErrorReportValve.java:83)
		at org.apache.catalina.valves.AbstractAccessLogValve.invoke(AbstractAccessLogValve.java:654)
		at org.apache.catalina.core.StandardEngineValve.invoke(StandardEngineValve.java:72)
		at org.apache.catalina.connector.CoyoteAdapter.service(CoyoteAdapter.java:342)
		at org.apache.coyote.http11.Http11Processor.service(Http11Processor.java:399)
		at org.apache.coyote.AbstractProcessorLight.process(AbstractProcessorLight.java:63)
		at org.apache.coyote.AbstractProtocol$ConnectionHandler.process(AbstractProtocol.java:903)
		at org.apache.tomcat.util.net.NioEndpoint$SocketProcessor.doRun(NioEndpoint.java:1775)
		at org.apache.tomcat.util.net.SocketProcessorBase.run(SocketProcessorBase.java:52)
		at org.apache.tomcat.util.threads.ThreadPoolExecutor.runWorker(ThreadPoolExecutor.java:973)
		at org.apache.tomcat.util.threads.ThreadPoolExecutor$Worker.run(ThreadPoolExecutor.java:491)
		at org.apache.tomcat.util.threads.TaskThread$WrappingRunnable.run(TaskThread.java:63)
		at java.base/java.lang.Thread.run(Thread.java:1583)
02-Apr-2026 23:28:12.079 SEVERE [http-nio-8080-exec-7] org.apache.catalina.core.ApplicationDispatcher.invoke Servlet.service() for servlet [jsp] threw exception
	java.lang.ClassNotFoundException: org.apache.jsp.index_jsp
		at java.base/java.net.URLClassLoader.findClass(URLClassLoader.java:445)
		at org.apache.jasper.servlet.JasperLoader.loadClass(JasperLoader.java:116)
		at org.apache.jasper.servlet.JasperLoader.loadClass(JasperLoader.java:53)
		at org.apache.catalina.core.DefaultInstanceManager.newInstance(DefaultInstanceManager.java:151)
		at org.apache.jasper.servlet.JspServletWrapper.getServlet(JspServletWrapper.java:163)
		at org.apache.jasper.servlet.JspServletWrapper.service(JspServletWrapper.java:382)
		at org.apache.jasper.servlet.JspServlet.serviceJspFile(JspServlet.java:350)
		at org.apache.jasper.servlet.JspServlet.service(JspServlet.java:301)
		at jakarta.servlet.http.HttpServlet.service(HttpServlet.java:658)
		at org.apache.catalina.core.ApplicationFilterChain.internalDoFilter(ApplicationFilterChain.java:193)
		at org.apache.catalina.core.ApplicationFilterChain.doFilter(ApplicationFilterChain.java:138)
		at org.apache.tomcat.websocket.server.WsFilter.doFilter(WsFilter.java:51)
		at org.apache.catalina.core.ApplicationFilterChain.internalDoFilter(ApplicationFilterChain.java:162)
		at org.apache.catalina.core.ApplicationFilterChain.doFilter(ApplicationFilterChain.java:138)
		at org.apache.catalina.core.ApplicationDispatcher.invoke(ApplicationDispatcher.java:610)
		at org.apache.catalina.core.ApplicationDispatcher.processRequest(ApplicationDispatcher.java:392)
		at org.apache.catalina.core.ApplicationDispatcher.doForward(ApplicationDispatcher.java:321)
		at org.apache.catalina.core.ApplicationDispatcher.forward(ApplicationDispatcher.java:266)
		at controller.HomeController.doGet(HomeController.java:44)
		at jakarta.servlet.http.HttpServlet.service(HttpServlet.java:564)
		at jakarta.servlet.http.HttpServlet.service(HttpServlet.java:658)
		at org.apache.catalina.core.ApplicationFilterChain.internalDoFilter(ApplicationFilterChain.java:193)
		at org.apache.catalina.core.ApplicationFilterChain.doFilter(ApplicationFilterChain.java:138)
		at org.apache.tomcat.websocket.server.WsFilter.doFilter(WsFilter.java:51)
		at org.apache.catalina.core.ApplicationFilterChain.internalDoFilter(ApplicationFilterChain.java:162)
		at org.apache.catalina.core.ApplicationFilterChain.doFilter(ApplicationFilterChain.java:138)
		at org.apache.catalina.core.StandardWrapperValve.invoke(StandardWrapperValve.java:165)
		at org.apache.catalina.core.StandardContextValve.invoke(StandardContextValve.java:88)
		at org.apache.catalina.authenticator.AuthenticatorBase.invoke(AuthenticatorBase.java:492)
		at org.apache.catalina.core.StandardHostValve.invoke(StandardHostValve.java:113)
		at org.apache.catalina.valves.ErrorReportValve.invoke(ErrorReportValve.java:83)
		at org.apache.catalina.valves.AbstractAccessLogValve.invoke(AbstractAccessLogValve.java:654)
		at org.apache.catalina.core.StandardEngineValve.invoke(StandardEngineValve.java:72)
		at org.apache.catalina.connector.CoyoteAdapter.service(CoyoteAdapter.java:342)
		at org.apache.coyote.http11.Http11Processor.service(Http11Processor.java:399)
		at org.apache.coyote.AbstractProcessorLight.process(AbstractProcessorLight.java:63)
		at org.apache.coyote.AbstractProtocol$ConnectionHandler.process(AbstractProtocol.java:903)
		at org.apache.tomcat.util.net.NioEndpoint$SocketProcessor.doRun(NioEndpoint.java:1775)
		at org.apache.tomcat.util.net.SocketProcessorBase.run(SocketProcessorBase.java:52)
		at org.apache.tomcat.util.threads.ThreadPoolExecutor.runWorker(ThreadPoolExecutor.java:973)
		at org.apache.tomcat.util.threads.ThreadPoolExecutor$Worker.run(ThreadPoolExecutor.java:491)
		at org.apache.tomcat.util.threads.TaskThread$WrappingRunnable.run(TaskThread.java:63)
		at java.base/java.lang.Thread.run(Thread.java:1583)
02-Apr-2026 23:28:12.079 SEVERE [http-nio-8080-exec-7] org.apache.catalina.core.StandardWrapperValve.invoke Servlet.service() for servlet [controller.HomeController] in context with path [/HomePS] threw exception [org.apache.jasper.JasperException: java.lang.ClassNotFoundException: org.apache.jsp.index_jsp] with root cause
	java.lang.ClassNotFoundException: org.apache.jsp.index_jsp
		at java.base/java.net.URLClassLoader.findClass(URLClassLoader.java:445)
		at org.apache.jasper.servlet.JasperLoader.loadClass(JasperLoader.java:116)
		at org.apache.jasper.servlet.JasperLoader.loadClass(JasperLoader.java:53)
		at org.apache.catalina.core.DefaultInstanceManager.newInstance(DefaultInstanceManager.java:151)
		at org.apache.jasper.servlet.JspServletWrapper.getServlet(JspServletWrapper.java:163)
		at org.apache.jasper.servlet.JspServletWrapper.service(JspServletWrapper.java:382)
		at org.apache.jasper.servlet.JspServlet.serviceJspFile(JspServlet.java:350)
		at org.apache.jasper.servlet.JspServlet.service(JspServlet.java:301)
		at jakarta.servlet.http.HttpServlet.service(HttpServlet.java:658)
		at org.apache.catalina.core.ApplicationFilterChain.internalDoFilter(ApplicationFilterChain.java:193)
		at org.apache.catalina.core.ApplicationFilterChain.doFilter(ApplicationFilterChain.java:138)
		at org.apache.tomcat.websocket.server.WsFilter.doFilter(WsFilter.java:51)
		at org.apache.catalina.core.ApplicationFilterChain.internalDoFilter(ApplicationFilterChain.java:162)
		at org.apache.catalina.core.ApplicationFilterChain.doFilter(ApplicationFilterChain.java:138)
		at org.apache.catalina.core.ApplicationDispatcher.invoke(ApplicationDispatcher.java:610)
		at org.apache.catalina.core.ApplicationDispatcher.processRequest(ApplicationDispatcher.java:392)
		at org.apache.catalina.core.ApplicationDispatcher.doForward(ApplicationDispatcher.java:321)
		at org.apache.catalina.core.ApplicationDispatcher.forward(ApplicationDispatcher.java:266)
		at controller.HomeController.doGet(HomeController.java:44)
		at jakarta.servlet.http.HttpServlet.service(HttpServlet.java:564)
		at jakarta.servlet.http.HttpServlet.service(HttpServlet.java:658)
		at org.apache.catalina.core.ApplicationFilterChain.internalDoFilter(ApplicationFilterChain.java:193)
		at org.apache.catalina.core.ApplicationFilterChain.doFilter(ApplicationFilterChain.java:138)
		at org.apache.tomcat.websocket.server.WsFilter.doFilter(WsFilter.java:51)
		at org.apache.catalina.core.ApplicationFilterChain.internalDoFilter(ApplicationFilterChain.java:162)
		at org.apache.catalina.core.ApplicationFilterChain.doFilter(ApplicationFilterChain.java:138)
		at org.apache.catalina.core.StandardWrapperValve.invoke(StandardWrapperValve.java:165)
		at org.apache.catalina.core.StandardContextValve.invoke(StandardContextValve.java:88)
		at org.apache.catalina.authenticator.AuthenticatorBase.invoke(AuthenticatorBase.java:492)
		at org.apache.catalina.core.StandardHostValve.invoke(StandardHostValve.java:113)
		at org.apache.catalina.valves.ErrorReportValve.invoke(ErrorReportValve.java:83)
		at org.apache.catalina.valves.AbstractAccessLogValve.invoke(AbstractAccessLogValve.java:654)
		at org.apache.catalina.core.StandardEngineValve.invoke(StandardEngineValve.java:72)
		at org.apache.catalina.connector.CoyoteAdapter.service(CoyoteAdapter.java:342)
		at org.apache.coyote.http11.Http11Processor.service(Http11Processor.java:399)
		at org.apache.coyote.AbstractProcessorLight.process(AbstractProcessorLight.java:63)
		at org.apache.coyote.AbstractProtocol$ConnectionHandler.process(AbstractProtocol.java:903)
		at org.apache.tomcat.util.net.NioEndpoint$SocketProcessor.doRun(NioEndpoint.java:1775)
		at org.apache.tomcat.util.net.SocketProcessorBase.run(SocketProcessorBase.java:52)
		at org.apache.tomcat.util.threads.ThreadPoolExecutor.runWorker(ThreadPoolExecutor.java:973)
		at org.apache.tomcat.util.threads.ThreadPoolExecutor$Worker.run(ThreadPoolExecutor.java:491)
		at org.apache.tomcat.util.threads.TaskThread$WrappingRunnable.run(TaskThread.java:63)
		at java.base/java.lang.Thread.run(Thread.java:1583)
02-Apr-2026 23:28:12.280 SEVERE [http-nio-8080-exec-1] org.apache.catalina.core.ApplicationDispatcher.invoke Servlet.service() for servlet [jsp] threw exception
	java.lang.ClassNotFoundException: jakarta.servlet.jsp.jstl.core.ConditionalTagSupport
		at org.apache.catalina.loader.WebappClassLoaderBase.loadClass(WebappClassLoaderBase.java:1377)
		at org.apache.catalina.loader.WebappClassLoaderBase.loadClass(WebappClassLoaderBase.java:1186)
		at java.base/java.lang.ClassLoader.defineClass1(Native Method)
		at java.base/java.lang.ClassLoader.defineClass(ClassLoader.java:1027)
		at java.base/java.security.SecureClassLoader.defineClass(SecureClassLoader.java:150)
		at org.apache.catalina.loader.WebappClassLoaderBase.findClassInternal(WebappClassLoaderBase.java:2359)
		at org.apache.catalina.loader.WebappClassLoaderBase.findClassInternal(WebappClassLoaderBase.java:2224)
		at org.apache.catalina.loader.WebappClassLoaderBase.findClass(WebappClassLoaderBase.java:811)
		at org.apache.catalina.loader.WebappClassLoaderBase.loadClass(WebappClassLoaderBase.java:1338)
		at org.apache.catalina.loader.WebappClassLoaderBase.loadClass(WebappClassLoaderBase.java:1186)
		at org.apache.jasper.compiler.Parser.parseCustomTag(Parser.java:1151)
		at org.apache.jasper.compiler.Parser.parseElements(Parser.java:1371)
		at org.apache.jasper.compiler.Parser.parse(Parser.java:127)
		at org.apache.jasper.compiler.ParserController.doParse(ParserController.java:240)
		at org.apache.jasper.compiler.ParserController.parse(ParserController.java:103)
		at org.apache.jasper.compiler.Compiler.generateJava(Compiler.java:188)
		at org.apache.jasper.compiler.Compiler.compile(Compiler.java:361)
		at org.apache.jasper.compiler.Compiler.compile(Compiler.java:339)
		at org.apache.jasper.compiler.Compiler.compile(Compiler.java:325)
		at org.apache.jasper.JspCompilationContext.compile(JspCompilationContext.java:586)
		at org.apache.jasper.servlet.JspServletWrapper.service(JspServletWrapper.java:368)
		at org.apache.jasper.servlet.JspServlet.serviceJspFile(JspServlet.java:350)
		at org.apache.jasper.servlet.JspServlet.service(JspServlet.java:301)
		at jakarta.servlet.http.HttpServlet.service(HttpServlet.java:658)
		at org.apache.catalina.core.ApplicationFilterChain.internalDoFilter(ApplicationFilterChain.java:193)
		at org.apache.catalina.core.ApplicationFilterChain.doFilter(ApplicationFilterChain.java:138)
		at org.apache.tomcat.websocket.server.WsFilter.doFilter(WsFilter.java:51)
		at org.apache.catalina.core.ApplicationFilterChain.internalDoFilter(ApplicationFilterChain.java:162)
		at org.apache.catalina.core.ApplicationFilterChain.doFilter(ApplicationFilterChain.java:138)
		at org.apache.catalina.core.ApplicationDispatcher.invoke(ApplicationDispatcher.java:610)
		at org.apache.catalina.core.ApplicationDispatcher.processRequest(ApplicationDispatcher.java:392)
		at org.apache.catalina.core.ApplicationDispatcher.doForward(ApplicationDispatcher.java:321)
		at org.apache.catalina.core.ApplicationDispatcher.forward(ApplicationDispatcher.java:266)
		at controller.HomeController.doGet(HomeController.java:44)
		at jakarta.servlet.http.HttpServlet.service(HttpServlet.java:564)
		at jakarta.servlet.http.HttpServlet.service(HttpServlet.java:658)
		at org.apache.catalina.core.ApplicationFilterChain.internalDoFilter(ApplicationFilterChain.java:193)
		at org.apache.catalina.core.ApplicationFilterChain.doFilter(ApplicationFilterChain.java:138)
		at org.apache.tomcat.websocket.server.WsFilter.doFilter(WsFilter.java:51)
		at org.apache.catalina.core.ApplicationFilterChain.internalDoFilter(ApplicationFilterChain.java:162)
		at org.apache.catalina.core.ApplicationFilterChain.doFilter(ApplicationFilterChain.java:138)
		at org.apache.catalina.core.StandardWrapperValve.invoke(StandardWrapperValve.java:165)
		at org.apache.catalina.core.StandardContextValve.invoke(StandardContextValve.java:88)
		at org.apache.catalina.authenticator.AuthenticatorBase.invoke(AuthenticatorBase.java:492)
		at org.apache.catalina.core.StandardHostValve.invoke(StandardHostValve.java:113)
		at org.apache.catalina.valves.ErrorReportValve.invoke(ErrorReportValve.java:83)
		at org.apache.catalina.valves.AbstractAccessLogValve.invoke(AbstractAccessLogValve.java:654)
		at org.apache.catalina.core.StandardEngineValve.invoke(StandardEngineValve.java:72)
		at org.apache.catalina.connector.CoyoteAdapter.service(CoyoteAdapter.java:342)
		at org.apache.coyote.http11.Http11Processor.service(Http11Processor.java:399)
		at org.apache.coyote.AbstractProcessorLight.process(AbstractProcessorLight.java:63)
		at org.apache.coyote.AbstractProtocol$ConnectionHandler.process(AbstractProtocol.java:903)
		at org.apache.tomcat.util.net.NioEndpoint$SocketProcessor.doRun(NioEndpoint.java:1775)
		at org.apache.tomcat.util.net.SocketProcessorBase.run(SocketProcessorBase.java:52)
		at org.apache.tomcat.util.threads.ThreadPoolExecutor.runWorker(ThreadPoolExecutor.java:973)
		at org.apache.tomcat.util.threads.ThreadPoolExecutor$Worker.run(ThreadPoolExecutor.java:491)
		at org.apache.tomcat.util.threads.TaskThread$WrappingRunnable.run(TaskThread.java:63)
		at java.base/java.lang.Thread.run(Thread.java:1583)
02-Apr-2026 23:28:12.281 SEVERE [http-nio-8080-exec-1] org.apache.catalina.core.StandardWrapperValve.invoke Servlet.service() for servlet [controller.HomeController] in context with path [/HomePS] threw exception [java.lang.NoClassDefFoundError: jakarta/servlet/jsp/jstl/core/ConditionalTagSupport] with root cause
	java.lang.ClassNotFoundException: jakarta.servlet.jsp.jstl.core.ConditionalTagSupport
		at org.apache.catalina.loader.WebappClassLoaderBase.loadClass(WebappClassLoaderBase.java:1377)
		at org.apache.catalina.loader.WebappClassLoaderBase.loadClass(WebappClassLoaderBase.java:1186)
		at java.base/java.lang.ClassLoader.defineClass1(Native Method)
		at java.base/java.lang.ClassLoader.defineClass(ClassLoader.java:1027)
		at java.base/java.security.SecureClassLoader.defineClass(SecureClassLoader.java:150)
		at org.apache.catalina.loader.WebappClassLoaderBase.findClassInternal(WebappClassLoaderBase.java:2359)
		at org.apache.catalina.loader.WebappClassLoaderBase.findClassInternal(WebappClassLoaderBase.java:2224)
		at org.apache.catalina.loader.WebappClassLoaderBase.findClass(WebappClassLoaderBase.java:811)
		at org.apache.catalina.loader.WebappClassLoaderBase.loadClass(WebappClassLoaderBase.java:1338)
		at org.apache.catalina.loader.WebappClassLoaderBase.loadClass(WebappClassLoaderBase.java:1186)
		at org.apache.jasper.compiler.Parser.parseCustomTag(Parser.java:1151)
		at org.apache.jasper.compiler.Parser.parseElements(Parser.java:1371)
		at org.apache.jasper.compiler.Parser.parse(Parser.java:127)
		at org.apache.jasper.compiler.ParserController.doParse(ParserController.java:240)
		at org.apache.jasper.compiler.ParserController.parse(ParserController.java:103)
		at org.apache.jasper.compiler.Compiler.generateJava(Compiler.java:188)
		at org.apache.jasper.compiler.Compiler.compile(Compiler.java:361)
		at org.apache.jasper.compiler.Compiler.compile(Compiler.java:339)
		at org.apache.jasper.compiler.Compiler.compile(Compiler.java:325)
		at org.apache.jasper.JspCompilationContext.compile(JspCompilationContext.java:586)
		at org.apache.jasper.servlet.JspServletWrapper.service(JspServletWrapper.java:368)
		at org.apache.jasper.servlet.JspServlet.serviceJspFile(JspServlet.java:350)
		at org.apache.jasper.servlet.JspServlet.service(JspServlet.java:301)
		at jakarta.servlet.http.HttpServlet.service(HttpServlet.java:658)
		at org.apache.catalina.core.ApplicationFilterChain.internalDoFilter(ApplicationFilterChain.java:193)
		at org.apache.catalina.core.ApplicationFilterChain.doFilter(ApplicationFilterChain.java:138)
		at org.apache.tomcat.websocket.server.WsFilter.doFilter(WsFilter.java:51)
		at org.apache.catalina.core.ApplicationFilterChain.internalDoFilter(ApplicationFilterChain.java:162)
		at org.apache.catalina.core.ApplicationFilterChain.doFilter(ApplicationFilterChain.java:138)
		at org.apache.catalina.core.ApplicationDispatcher.invoke(ApplicationDispatcher.java:610)
		at org.apache.catalina.core.ApplicationDispatcher.processRequest(ApplicationDispatcher.java:392)
		at org.apache.catalina.core.ApplicationDispatcher.doForward(ApplicationDispatcher.java:321)
		at org.apache.catalina.core.ApplicationDispatcher.forward(ApplicationDispatcher.java:266)
		at controller.HomeController.doGet(HomeController.java:44)
		at jakarta.servlet.http.HttpServlet.service(HttpServlet.java:564)
		at jakarta.servlet.http.HttpServlet.service(HttpServlet.java:658)
		at org.apache.catalina.core.ApplicationFilterChain.internalDoFilter(ApplicationFilterChain.java:193)
		at org.apache.catalina.core.ApplicationFilterChain.doFilter(ApplicationFilterChain.java:138)
		at org.apache.tomcat.websocket.server.WsFilter.doFilter(WsFilter.java:51)
		at org.apache.catalina.core.ApplicationFilterChain.internalDoFilter(ApplicationFilterChain.java:162)
		at org.apache.catalina.core.ApplicationFilterChain.doFilter(ApplicationFilterChain.java:138)
		at org.apache.catalina.core.StandardWrapperValve.invoke(StandardWrapperValve.java:165)
		at org.apache.catalina.core.StandardContextValve.invoke(StandardContextValve.java:88)
		at org.apache.catalina.authenticator.AuthenticatorBase.invoke(AuthenticatorBase.java:492)
		at org.apache.catalina.core.StandardHostValve.invoke(StandardHostValve.java:113)
		at org.apache.catalina.valves.ErrorReportValve.invoke(ErrorReportValve.java:83)
		at org.apache.catalina.valves.AbstractAccessLogValve.invoke(AbstractAccessLogValve.java:654)
		at org.apache.catalina.core.StandardEngineValve.invoke(StandardEngineValve.java:72)
		at org.apache.catalina.connector.CoyoteAdapter.service(CoyoteAdapter.java:342)
		at org.apache.coyote.http11.Http11Processor.service(Http11Processor.java:399)
		at org.apache.coyote.AbstractProcessorLight.process(AbstractProcessorLight.java:63)
		at org.apache.coyote.AbstractProtocol$ConnectionHandler.process(AbstractProtocol.java:903)
		at org.apache.tomcat.util.net.NioEndpoint$SocketProcessor.doRun(NioEndpoint.java:1775)
		at org.apache.tomcat.util.net.SocketProcessorBase.run(SocketProcessorBase.java:52)
		at org.apache.tomcat.util.threads.ThreadPoolExecutor.runWorker(ThreadPoolExecutor.java:973)
		at org.apache.tomcat.util.threads.ThreadPoolExecutor$Worker.run(ThreadPoolExecutor.java:491)
		at org.apache.tomcat.util.threads.TaskThread$WrappingRunnable.run(TaskThread.java:63)
		at java.base/java.lang.Thread.run(Thread.java:1583)
02-Apr-2026 23:28:13.337 SEVERE [http-nio-8080-exec-2] org.apache.catalina.core.ApplicationDispatcher.invoke Servlet.service() for servlet [jsp] threw exception
	java.lang.ClassNotFoundException: org.apache.jsp.index_jsp
		at java.base/java.net.URLClassLoader.findClass(URLClassLoader.java:445)
		at org.apache.jasper.servlet.JasperLoader.loadClass(JasperLoader.java:116)
		at org.apache.jasper.servlet.JasperLoader.loadClass(JasperLoader.java:53)
		at org.apache.catalina.core.DefaultInstanceManager.newInstance(DefaultInstanceManager.java:151)
		at org.apache.jasper.servlet.JspServletWrapper.getServlet(JspServletWrapper.java:163)
		at org.apache.jasper.servlet.JspServletWrapper.service(JspServletWrapper.java:382)
		at org.apache.jasper.servlet.JspServlet.serviceJspFile(JspServlet.java:350)
		at org.apache.jasper.servlet.JspServlet.service(JspServlet.java:301)
		at jakarta.servlet.http.HttpServlet.service(HttpServlet.java:658)
		at org.apache.catalina.core.ApplicationFilterChain.internalDoFilter(ApplicationFilterChain.java:193)
		at org.apache.catalina.core.ApplicationFilterChain.doFilter(ApplicationFilterChain.java:138)
		at org.apache.tomcat.websocket.server.WsFilter.doFilter(WsFilter.java:51)
		at org.apache.catalina.core.ApplicationFilterChain.internalDoFilter(ApplicationFilterChain.java:162)
		at org.apache.catalina.core.ApplicationFilterChain.doFilter(ApplicationFilterChain.java:138)
		at org.apache.catalina.core.ApplicationDispatcher.invoke(ApplicationDispatcher.java:610)
		at org.apache.catalina.core.ApplicationDispatcher.processRequest(ApplicationDispatcher.java:392)
		at org.apache.catalina.core.ApplicationDispatcher.doForward(ApplicationDispatcher.java:321)
		at org.apache.catalina.core.ApplicationDispatcher.forward(ApplicationDispatcher.java:266)
		at controller.HomeController.doGet(HomeController.java:44)
		at jakarta.servlet.http.HttpServlet.service(HttpServlet.java:564)
		at jakarta.servlet.http.HttpServlet.service(HttpServlet.java:658)
		at org.apache.catalina.core.ApplicationFilterChain.internalDoFilter(ApplicationFilterChain.java:193)
		at org.apache.catalina.core.ApplicationFilterChain.doFilter(ApplicationFilterChain.java:138)
		at org.apache.tomcat.websocket.server.WsFilter.doFilter(WsFilter.java:51)
		at org.apache.catalina.core.ApplicationFilterChain.internalDoFilter(ApplicationFilterChain.java:162)
		at org.apache.catalina.core.ApplicationFilterChain.doFilter(ApplicationFilterChain.java:138)
		at org.apache.catalina.core.StandardWrapperValve.invoke(StandardWrapperValve.java:165)
		at org.apache.catalina.core.StandardContextValve.invoke(StandardContextValve.java:88)
		at org.apache.catalina.authenticator.AuthenticatorBase.invoke(AuthenticatorBase.java:492)
		at org.apache.catalina.core.StandardHostValve.invoke(StandardHostValve.java:113)
		at org.apache.catalina.valves.ErrorReportValve.invoke(ErrorReportValve.java:83)
		at org.apache.catalina.valves.AbstractAccessLogValve.invoke(AbstractAccessLogValve.java:654)
		at org.apache.catalina.core.StandardEngineValve.invoke(StandardEngineValve.java:72)
		at org.apache.catalina.connector.CoyoteAdapter.service(CoyoteAdapter.java:342)
		at org.apache.coyote.http11.Http11Processor.service(Http11Processor.java:399)
		at org.apache.coyote.AbstractProcessorLight.process(AbstractProcessorLight.java:63)
		at org.apache.coyote.AbstractProtocol$ConnectionHandler.process(AbstractProtocol.java:903)
		at org.apache.tomcat.util.net.NioEndpoint$SocketProcessor.doRun(NioEndpoint.java:1775)
		at org.apache.tomcat.util.net.SocketProcessorBase.run(SocketProcessorBase.java:52)
		at org.apache.tomcat.util.threads.ThreadPoolExecutor.runWorker(ThreadPoolExecutor.java:973)
		at org.apache.tomcat.util.threads.ThreadPoolExecutor$Worker.run(ThreadPoolExecutor.java:491)
		at org.apache.tomcat.util.threads.TaskThread$WrappingRunnable.run(TaskThread.java:63)
		at java.base/java.lang.Thread.run(Thread.java:1583)
02-Apr-2026 23:28:13.337 SEVERE [http-nio-8080-exec-2] org.apache.catalina.core.StandardWrapperValve.invoke Servlet.service() for servlet [controller.HomeController] in context with path [/HomePS] threw exception [org.apache.jasper.JasperException: java.lang.ClassNotFoundException: org.apache.jsp.index_jsp] with root cause
	java.lang.ClassNotFoundException: org.apache.jsp.index_jsp
		at java.base/java.net.URLClassLoader.findClass(URLClassLoader.java:445)
		at org.apache.jasper.servlet.JasperLoader.loadClass(JasperLoader.java:116)
		at org.apache.jasper.servlet.JasperLoader.loadClass(JasperLoader.java:53)
		at org.apache.catalina.core.DefaultInstanceManager.newInstance(DefaultInstanceManager.java:151)
		at org.apache.jasper.servlet.JspServletWrapper.getServlet(JspServletWrapper.java:163)
		at org.apache.jasper.servlet.JspServletWrapper.service(JspServletWrapper.java:382)
		at org.apache.jasper.servlet.JspServlet.serviceJspFile(JspServlet.java:350)
		at org.apache.jasper.servlet.JspServlet.service(JspServlet.java:301)
		at jakarta.servlet.http.HttpServlet.service(HttpServlet.java:658)
		at org.apache.catalina.core.ApplicationFilterChain.internalDoFilter(ApplicationFilterChain.java:193)
		at org.apache.catalina.core.ApplicationFilterChain.doFilter(ApplicationFilterChain.java:138)
		at org.apache.tomcat.websocket.server.WsFilter.doFilter(WsFilter.java:51)
		at org.apache.catalina.core.ApplicationFilterChain.internalDoFilter(ApplicationFilterChain.java:162)
		at org.apache.catalina.core.ApplicationFilterChain.doFilter(ApplicationFilterChain.java:138)
		at org.apache.catalina.core.ApplicationDispatcher.invoke(ApplicationDispatcher.java:610)
		at org.apache.catalina.core.ApplicationDispatcher.processRequest(ApplicationDispatcher.java:392)
		at org.apache.catalina.core.ApplicationDispatcher.doForward(ApplicationDispatcher.java:321)
		at org.apache.catalina.core.ApplicationDispatcher.forward(ApplicationDispatcher.java:266)
		at controller.HomeController.doGet(HomeController.java:44)
		at jakarta.servlet.http.HttpServlet.service(HttpServlet.java:564)
		at jakarta.servlet.http.HttpServlet.service(HttpServlet.java:658)
		at org.apache.catalina.core.ApplicationFilterChain.internalDoFilter(ApplicationFilterChain.java:193)
		at org.apache.catalina.core.ApplicationFilterChain.doFilter(ApplicationFilterChain.java:138)
		at org.apache.tomcat.websocket.server.WsFilter.doFilter(WsFilter.java:51)
		at org.apache.catalina.core.ApplicationFilterChain.internalDoFilter(ApplicationFilterChain.java:162)
		at org.apache.catalina.core.ApplicationFilterChain.doFilter(ApplicationFilterChain.java:138)
		at org.apache.catalina.core.StandardWrapperValve.invoke(StandardWrapperValve.java:165)
		at org.apache.catalina.core.StandardContextValve.invoke(StandardContextValve.java:88)
		at org.apache.catalina.authenticator.AuthenticatorBase.invoke(AuthenticatorBase.java:492)
		at org.apache.catalina.core.StandardHostValve.invoke(StandardHostValve.java:113)
		at org.apache.catalina.valves.ErrorReportValve.invoke(ErrorReportValve.java:83)
		at org.apache.catalina.valves.AbstractAccessLogValve.invoke(AbstractAccessLogValve.java:654)
		at org.apache.catalina.core.StandardEngineValve.invoke(StandardEngineValve.java:72)
		at org.apache.catalina.connector.CoyoteAdapter.service(CoyoteAdapter.java:342)
		at org.apache.coyote.http11.Http11Processor.service(Http11Processor.java:399)
		at org.apache.coyote.AbstractProcessorLight.process(AbstractProcessorLight.java:63)
		at org.apache.coyote.AbstractProtocol$ConnectionHandler.process(AbstractProtocol.java:903)
		at org.apache.tomcat.util.net.NioEndpoint$SocketProcessor.doRun(NioEndpoint.java:1775)
		at org.apache.tomcat.util.net.SocketProcessorBase.run(SocketProcessorBase.java:52)
		at org.apache.tomcat.util.threads.ThreadPoolExecutor.runWorker(ThreadPoolExecutor.java:973)
		at org.apache.tomcat.util.threads.ThreadPoolExecutor$Worker.run(ThreadPoolExecutor.java:491)
		at org.apache.tomcat.util.threads.TaskThread$WrappingRunnable.run(TaskThread.java:63)
		at java.base/java.lang.Thread.run(Thread.java:1583)
02-Apr-2026 23:28:17.826 SEVERE [http-nio-8080-exec-3] org.apache.catalina.core.ApplicationDispatcher.invoke Servlet.service() for servlet [jsp] threw exception
	java.lang.ClassNotFoundException: jakarta.servlet.jsp.jstl.core.ConditionalTagSupport
		at org.apache.catalina.loader.WebappClassLoaderBase.loadClass(WebappClassLoaderBase.java:1377)
		at org.apache.catalina.loader.WebappClassLoaderBase.loadClass(WebappClassLoaderBase.java:1186)
		at java.base/java.lang.ClassLoader.defineClass1(Native Method)
		at java.base/java.lang.ClassLoader.defineClass(ClassLoader.java:1027)
		at java.base/java.security.SecureClassLoader.defineClass(SecureClassLoader.java:150)
		at org.apache.catalina.loader.WebappClassLoaderBase.findClassInternal(WebappClassLoaderBase.java:2359)
		at org.apache.catalina.loader.WebappClassLoaderBase.findClassInternal(WebappClassLoaderBase.java:2224)
		at org.apache.catalina.loader.WebappClassLoaderBase.findClass(WebappClassLoaderBase.java:811)
		at org.apache.catalina.loader.WebappClassLoaderBase.loadClass(WebappClassLoaderBase.java:1338)
		at org.apache.catalina.loader.WebappClassLoaderBase.loadClass(WebappClassLoaderBase.java:1186)
		at org.apache.jasper.compiler.Parser.parseCustomTag(Parser.java:1151)
		at org.apache.jasper.compiler.Parser.parseElements(Parser.java:1371)
		at org.apache.jasper.compiler.Parser.parse(Parser.java:127)
		at org.apache.jasper.compiler.ParserController.doParse(ParserController.java:240)
		at org.apache.jasper.compiler.ParserController.parse(ParserController.java:103)
		at org.apache.jasper.compiler.Compiler.generateJava(Compiler.java:188)
		at org.apache.jasper.compiler.Compiler.compile(Compiler.java:361)
		at org.apache.jasper.compiler.Compiler.compile(Compiler.java:339)
		at org.apache.jasper.compiler.Compiler.compile(Compiler.java:325)
		at org.apache.jasper.JspCompilationContext.compile(JspCompilationContext.java:586)
		at org.apache.jasper.servlet.JspServletWrapper.service(JspServletWrapper.java:368)
		at org.apache.jasper.servlet.JspServlet.serviceJspFile(JspServlet.java:350)
		at org.apache.jasper.servlet.JspServlet.service(JspServlet.java:301)
		at jakarta.servlet.http.HttpServlet.service(HttpServlet.java:658)
		at org.apache.catalina.core.ApplicationFilterChain.internalDoFilter(ApplicationFilterChain.java:193)
		at org.apache.catalina.core.ApplicationFilterChain.doFilter(ApplicationFilterChain.java:138)
		at org.apache.tomcat.websocket.server.WsFilter.doFilter(WsFilter.java:51)
		at org.apache.catalina.core.ApplicationFilterChain.internalDoFilter(ApplicationFilterChain.java:162)
		at org.apache.catalina.core.ApplicationFilterChain.doFilter(ApplicationFilterChain.java:138)
		at org.apache.catalina.core.ApplicationDispatcher.invoke(ApplicationDispatcher.java:610)
		at org.apache.catalina.core.ApplicationDispatcher.processRequest(ApplicationDispatcher.java:392)
		at org.apache.catalina.core.ApplicationDispatcher.doForward(ApplicationDispatcher.java:321)
		at org.apache.catalina.core.ApplicationDispatcher.forward(ApplicationDispatcher.java:266)
		at controller.HomeController.doGet(HomeController.java:44)
		at jakarta.servlet.http.HttpServlet.service(HttpServlet.java:564)
		at jakarta.servlet.http.HttpServlet.service(HttpServlet.java:658)
		at org.apache.catalina.core.ApplicationFilterChain.internalDoFilter(ApplicationFilterChain.java:193)
		at org.apache.catalina.core.ApplicationFilterChain.doFilter(ApplicationFilterChain.java:138)
		at org.apache.tomcat.websocket.server.WsFilter.doFilter(WsFilter.java:51)
		at org.apache.catalina.core.ApplicationFilterChain.internalDoFilter(ApplicationFilterChain.java:162)
		at org.apache.catalina.core.ApplicationFilterChain.doFilter(ApplicationFilterChain.java:138)
		at org.apache.catalina.core.StandardWrapperValve.invoke(StandardWrapperValve.java:165)
		at org.apache.catalina.core.StandardContextValve.invoke(StandardContextValve.java:88)
		at org.apache.catalina.authenticator.AuthenticatorBase.invoke(AuthenticatorBase.java:492)
		at org.apache.catalina.core.StandardHostValve.invoke(StandardHostValve.java:113)
		at org.apache.catalina.valves.ErrorReportValve.invoke(ErrorReportValve.java:83)
		at org.apache.catalina.valves.AbstractAccessLogValve.invoke(AbstractAccessLogValve.java:654)
		at org.apache.catalina.core.StandardEngineValve.invoke(StandardEngineValve.java:72)
		at org.apache.catalina.connector.CoyoteAdapter.service(CoyoteAdapter.java:342)
		at org.apache.coyote.http11.Http11Processor.service(Http11Processor.java:399)
		at org.apache.coyote.AbstractProcessorLight.process(AbstractProcessorLight.java:63)
		at org.apache.coyote.AbstractProtocol$ConnectionHandler.process(AbstractProtocol.java:903)
		at org.apache.tomcat.util.net.NioEndpoint$SocketProcessor.doRun(NioEndpoint.java:1775)
		at org.apache.tomcat.util.net.SocketProcessorBase.run(SocketProcessorBase.java:52)
		at org.apache.tomcat.util.threads.ThreadPoolExecutor.runWorker(ThreadPoolExecutor.java:973)
		at org.apache.tomcat.util.threads.ThreadPoolExecutor$Worker.run(ThreadPoolExecutor.java:491)
		at org.apache.tomcat.util.threads.TaskThread$WrappingRunnable.run(TaskThread.java:63)
		at java.base/java.lang.Thread.run(Thread.java:1583)
02-Apr-2026 23:28:17.826 SEVERE [http-nio-8080-exec-3] org.apache.catalina.core.StandardWrapperValve.invoke Servlet.service() for servlet [controller.HomeController] in context with path [/HomePS] threw exception [java.lang.NoClassDefFoundError: jakarta/servlet/jsp/jstl/core/ConditionalTagSupport] with root cause
	java.lang.ClassNotFoundException: jakarta.servlet.jsp.jstl.core.ConditionalTagSupport
		at org.apache.catalina.loader.WebappClassLoaderBase.loadClass(WebappClassLoaderBase.java:1377)
		at org.apache.catalina.loader.WebappClassLoaderBase.loadClass(WebappClassLoaderBase.java:1186)
		at java.base/java.lang.ClassLoader.defineClass1(Native Method)
		at java.base/java.lang.ClassLoader.defineClass(ClassLoader.java:1027)
		at java.base/java.security.SecureClassLoader.defineClass(SecureClassLoader.java:150)
		at org.apache.catalina.loader.WebappClassLoaderBase.findClassInternal(WebappClassLoaderBase.java:2359)
		at org.apache.catalina.loader.WebappClassLoaderBase.findClassInternal(WebappClassLoaderBase.java:2224)
		at org.apache.catalina.loader.WebappClassLoaderBase.findClass(WebappClassLoaderBase.java:811)
		at org.apache.catalina.loader.WebappClassLoaderBase.loadClass(WebappClassLoaderBase.java:1338)
		at org.apache.catalina.loader.WebappClassLoaderBase.loadClass(WebappClassLoaderBase.java:1186)
		at org.apache.jasper.compiler.Parser.parseCustomTag(Parser.java:1151)
		at org.apache.jasper.compiler.Parser.parseElements(Parser.java:1371)
		at org.apache.jasper.compiler.Parser.parse(Parser.java:127)
		at org.apache.jasper.compiler.ParserController.doParse(ParserController.java:240)
		at org.apache.jasper.compiler.ParserController.parse(ParserController.java:103)
		at org.apache.jasper.compiler.Compiler.generateJava(Compiler.java:188)
		at org.apache.jasper.compiler.Compiler.compile(Compiler.java:361)
		at org.apache.jasper.compiler.Compiler.compile(Compiler.java:339)
		at org.apache.jasper.compiler.Compiler.compile(Compiler.java:325)
		at org.apache.jasper.JspCompilationContext.compile(JspCompilationContext.java:586)
		at org.apache.jasper.servlet.JspServletWrapper.service(JspServletWrapper.java:368)
		at org.apache.jasper.servlet.JspServlet.serviceJspFile(JspServlet.java:350)
		at org.apache.jasper.servlet.JspServlet.service(JspServlet.java:301)
		at jakarta.servlet.http.HttpServlet.service(HttpServlet.java:658)
		at org.apache.catalina.core.ApplicationFilterChain.internalDoFilter(ApplicationFilterChain.java:193)
		at org.apache.catalina.core.ApplicationFilterChain.doFilter(ApplicationFilterChain.java:138)
		at org.apache.tomcat.websocket.server.WsFilter.doFilter(WsFilter.java:51)
		at org.apache.catalina.core.ApplicationFilterChain.internalDoFilter(ApplicationFilterChain.java:162)
		at org.apache.catalina.core.ApplicationFilterChain.doFilter(ApplicationFilterChain.java:138)
		at org.apache.catalina.core.ApplicationDispatcher.invoke(ApplicationDispatcher.java:610)
		at org.apache.catalina.core.ApplicationDispatcher.processRequest(ApplicationDispatcher.java:392)
		at org.apache.catalina.core.ApplicationDispatcher.doForward(ApplicationDispatcher.java:321)
		at org.apache.catalina.core.ApplicationDispatcher.forward(ApplicationDispatcher.java:266)
		at controller.HomeController.doGet(HomeController.java:44)
		at jakarta.servlet.http.HttpServlet.service(HttpServlet.java:564)
		at jakarta.servlet.http.HttpServlet.service(HttpServlet.java:658)
		at org.apache.catalina.core.ApplicationFilterChain.internalDoFilter(ApplicationFilterChain.java:193)
		at org.apache.catalina.core.ApplicationFilterChain.doFilter(ApplicationFilterChain.java:138)
		at org.apache.tomcat.websocket.server.WsFilter.doFilter(WsFilter.java:51)
		at org.apache.catalina.core.ApplicationFilterChain.internalDoFilter(ApplicationFilterChain.java:162)
		at org.apache.catalina.core.ApplicationFilterChain.doFilter(ApplicationFilterChain.java:138)
		at org.apache.catalina.core.StandardWrapperValve.invoke(StandardWrapperValve.java:165)
		at org.apache.catalina.core.StandardContextValve.invoke(StandardContextValve.java:88)
		at org.apache.catalina.authenticator.AuthenticatorBase.invoke(AuthenticatorBase.java:492)
		at org.apache.catalina.core.StandardHostValve.invoke(StandardHostValve.java:113)
		at org.apache.catalina.valves.ErrorReportValve.invoke(ErrorReportValve.java:83)
		at org.apache.catalina.valves.AbstractAccessLogValve.invoke(AbstractAccessLogValve.java:654)
		at org.apache.catalina.core.StandardEngineValve.invoke(StandardEngineValve.java:72)
		at org.apache.catalina.connector.CoyoteAdapter.service(CoyoteAdapter.java:342)
		at org.apache.coyote.http11.Http11Processor.service(Http11Processor.java:399)
		at org.apache.coyote.AbstractProcessorLight.process(AbstractProcessorLight.java:63)
		at org.apache.coyote.AbstractProtocol$ConnectionHandler.process(AbstractProtocol.java:903)
		at org.apache.tomcat.util.net.NioEndpoint$SocketProcessor.doRun(NioEndpoint.java:1775)
		at org.apache.tomcat.util.net.SocketProcessorBase.run(SocketProcessorBase.java:52)
		at org.apache.tomcat.util.threads.ThreadPoolExecutor.runWorker(ThreadPoolExecutor.java:973)
		at org.apache.tomcat.util.threads.ThreadPoolExecutor$Worker.run(ThreadPoolExecutor.java:491)
		at org.apache.tomcat.util.threads.TaskThread$WrappingRunnable.run(TaskThread.java:63)
		at java.base/java.lang.Thread.run(Thread.java:1583)
02-Apr-2026 23:34:13.319 INFO [main] org.apache.catalina.core.ApplicationContext.log ContextListener: contextInitialized()
02-Apr-2026 23:34:13.320 INFO [main] org.apache.catalina.core.ApplicationContext.log SessionListener: contextInitialized()
02-Apr-2026 23:34:13.321 INFO [main] org.apache.catalina.core.ApplicationContext.log ContextListener: attributeAdded('StockTicker', 'async.Stockticker@7523a3dc')
